{
    "w": [
        1.3736384489893014,
        -0.24738157296361998,
        -0.5005891551603044,
        0.4703058300432663,
        0.7078845677748485,
        0.31244681344661834,
        -0.7265659134887993,
        -0.42661166749050544,
        -0.3120257940100131,
        0.12171378121001732,
        -0.35617663877855,
        -0.21888734401878768,
        0.3429129573313462,
        -0.18188883104647133,
        0.2563284785689093,
        -0.1905080475475561
    ],
    "b": -2.662356527104765
}