dialogue_id,conversation_transcript,label,likert_evaluation,hal16_score,likert_evaluation_mean,cv,elapsed_time
8,"I: hi there , how are you tonight ?
W: great , i just finished a huge steak how are you ?
I: i am good , drinking some scotch .
W: i am major meat eater to build muscles
I: oh , i like meat ok .
W: scotch goes good with meat
I: scotch goes good with anything lol .
W: i have a brother who likes scotch
I: i am an only child .
W: i have just the one brother and 3 sisters
I: do you have any pets ? i am scared of dogs .
W: i have a cat and a dog you would not be scared of my dog
I: what do you do for a living ?
W: i am a secretary like my mom hard living and you ?
I: i am an author . i write short stories .
W: do you want to write a story about a major meat eating bodybuilder ?
",1,"[5, 1, 1, 5, 5, 5, 2, 5, 2, 1, 5, 1, 3, 4, 1, 5]",4.4277243255,3.1875,0.3449301372,19.3182110786
43,"I: hello how are you today
W: i am well . how are you ?
I: i am doing great just got back from the beach
W: that is great . i live far from the beach .
I: i am very lucky we live beside the beach . what do you do for a living
W: i keep busy with my seven children .
I: wow that much have taken some adjusting i teach kindergarten
W: do you reach mysteries to your children ? they are my favorite type of novel .
I: no they are to young for that . i like mystery novels tho
W: do you teach them about animals , as i grew up on a farm .
I: yeah i teach them about farm animals and pets
W: great , how about colors ? my favorite is blue
I: yeah they learn all about colors and the alphabet .
W: great , anything else you can tell me about yourself ?
I: i have a mustang convertible and married with a son
W: how old is your son ?
",1,"[5, 1, 1, 5, 5, 5, 3, 5, 1, 1, 5, 1, 3, 5, 1, 5]",3.831295375,3.25,0.3257904187,19.3233318329
37,"I: hey there like to workout ?
W: not really . i enjoy video games and reading mostly . do you workout ?
I: yes i do all the time
W: are you a bodybuilder ? what do you do for a living ?
I: no no body builder but i am a vegan
W: that is interesting . i am also a vegan and a vet . i love animals .
I: really wow , any siblings ? all i have is my dad an bro
W: a sister in california , where we grew up . i am in florida now . you ?
I: i like to listen to trap queen an gucci do you ?
W: yes ! i rap on the weekends myself too . my friends like country , boo .
I: really ? going to watch gucci get married tomorrow ? 10 17
W: i did not even know gucci was getting married . who to ?
I: keisha they are so cute together
W: do they have any kids together ?
I: no not yet i can not wait till they do
W: i bet they will be so cute . and their names will be off the hook .
",1,"[5, 1, 1, 5, 5, 5, 3, 5, 2, 5, 5, 3, 2, 5, 1, 5]",3.2254370605,3.625,0.2477158418,24.1717779636
15,"I: hi here i am in sunny california . where do you live ?
W: i live in florida but my family is from toronto
I: oh i see . moving to the east coast next year to the big apple .
W: cool . how old are you ?
I: now i am 23 and acting is my profession . also do a little runway modeling .
W: nice . i am 16 and i would like to be in the army
I: what do you do for fun ? in california most do surfing .
W: i like making websites and i drink a lot of lipton
I: you are too young for the army better look elsewhere .
W: what type of job should i look at ?
I: websites are good for income , too . do you skate ?
W: i do ! i play ice hockey sometimes
I: i skate on ice and on the roller rinks too .
W: can you do lots of tricks ?
I: the only trick i can not do is sing .
W: can you play any instruments ?
",1,"[5, 1, 1, 5, 4, 5, 4, 5, 1, 3, 5, 1, 1, 5, 1, 5]",1.9544465415,3.25,0.290957187,24.4903604984
48,"I: hi there how are you today ?
W: i am super swell , got home from a good day at work
I: oh what do you do for a living ?
W: i worl at my local petsmart , stocking heavy bags of food
I: so do you have any pets ?
W: yeah my dog lassie and my cat oliver
I: i do not have a pet but i do have a kid i think the world of
W: i am my dads world lol , he is a retired cop
I: that is cool . i am a kindergarten teacher
W: is your kid in your class ? that would be fun
I: no not yet she is a little to young
W: i love to go running , its my favorite passion . i wish i ran for a living
I: i am a bit of a fitness fanatic too in spite of my size .
W: something about sweating in public gets me pumped ya know ?
I: ok that is hilarious you win . i just like swimming
W: yeah swimming is really fun , works everything out
",1,"[5, 1, 1, 5, 5, 5, 4, 4, 3, 1, 5, 4, 4, 5, 1, 5]",2.5935404663,3.625,0.2563303178,26.1519815922
13,"I: hi , i am kera and i am a social butterfly
W: hi . i am more the mousy type . numbers are my world at my day job . you ?
I: i work for a tech firm , i am a tom girl
W: i am just an ohio mom with two amazing sons . not married though .
I: cool . i have no kids just my pet turtle timothy
W: great pet name . i do not have any pets unless you count my car , sally .
I: lol . . . so are you enjoy fall ? i love it
W: yep . the leaves change here and it is beautiful . i like to hike in fall .
I: i am ready to wear my jeans and boots
W: it is a great time of year for sure . do you have any hobbies ?
I: ultimate frisbee and making new friends . you ?
W: too busy with the boys for much besides hiking .
I: that means you are a good mom . spending all your time with them
W: being a single parent is not easy . thanks for the encouragement .
",1,"[5, 1, 1, 5, 5, 5, 5, 5, 3, 3, 5, 3, 5, 5, 1, 5]",2.2455907491,3.875,0.2164705618,27.4361178875
34,"I: hello , how are you tonight
W: i am fine and you
I: very well , thank you for asking . planning my garden for next year .
W: amazing fresh foods and veggies sounds yummy
I: they are , i will use my garden as a teaching environment too
W: awesome . tell me more about yourself
I: what do you do for a living ?
W: i work at the hospital in labor and delivery
I: that sounds so fun ! the little ones are so adorable .
W: i work around them so much i do not want none
I: i can understand that , as a few friends have said the same thing .
W: plus i work out in the gym 7days a week no time
I: i need to get back in the gym
W: its so much fun . i am single and alone so i use it to catch women
I: does that work ? because i avoid men at the gym
W: yes it does . it depends on the woman
",1,"[5, 1, 1, 5, 5, 5, 3, 3, 1, 3, 5, 2, 5, 4, 1, 5]",5.5767736741,3.375,0.3884956223,27.4192385674
26,"I: hi how are you today
W: hey there ! i am wonderful how are you doing today ?
I: pretty good do you work ?
W: i am a singer actually which can be work but i love it , how about you ?
I: i enjoy music too what kind
W: folk music , its kind of like storytelling . people dig it , you listen to music ?
I: i do how tall are you ?
W: i am average height , i am the shortest of my 3 sisters . you ?
I: i am only 5 ft tall
W: do you have any siblings ?
I: i do we have 4 people in our family
W: do you work ? or your parents work ?
I: i am currently in school
W: college ? studying anything in particular ?
I: general studies now . and you ?
W: just music right now , its pretty great . dad drove a semi , mom stayed home
",1,"[5, 1, 1, 5, 5, 5, 4, 5, 1, 1, 3, 3, 3, 5, 1, 4]",3.5698160986,3.25,0.3904244154,28.2180094719
17,"I: what music do you like , i enjoy bluegrass .
W: i prefer pop music . i try to stay up with the trends .
I: skateboarding is my job at times and i am still pretty good
W: you skateboard professionally ? wow , how exciting ! lots of travel ?
I: on weekends and i gave up eating potato chips to try to stay slim
W: what do you do for a living ?
I: retired now after my tailbone was removed due to a birth defect .
W: oh my , and i thought my life was dramatic ! do you have a family ?
I: pretty much alone now after leaving hollister where i worked in high school
W: love is hard and hurtful . alone is best , i have found .
I: you speak of things so true and thanks for the positive talk
W: my best friend betrayed me jerry springer style in high school and it still stings .
I: oh i am so sorry people need prayer
W: so very true . i try to focus on my education instead of my heartache .
",1,"[5, 1, 2, 5, 5, 5, 4, 5, 1, 3, 5, 1, 4, 5, 1, 3]",3.5714969212,3.4375,0.2142857143,28.3297560215
12,"I: good afternoon , how are you today ?
W: i am great . i am watching one tree hill . that is my favorite show
I: very cool . i am watching a video of my favorite band , simple plan .
W: is it the video where they are wearing purple ? best color ever
I: i was watching the other one actually .
W: the one at the hospital ? i am a nurse at a pediatric one
I: i work at the animal shelter downtown .
W: i do not believe in sheltering animals . i am a catholic
I: sadly they need a home . we work hard to find them one .
W: you could make them into a pizza . i love to eat pizza so i would buy
I: i doubt that would go over well .
W: why not ? it sounds like a good plan
I: normally i am a crabby person but i have a soft spot for animals .
W: i only like to eat animals . they look funny
",1,"[5, 1, 3, 5, 4, 3, 2, 4, 2, 1, 5, 1, 3, 3, 1, 5]",2.7022683191,3.0,0.2264554068,29.0210008621
18,"I: hi there . i am a hair dresser . want to chat ?
W: hi , sure if you stop cutting womens hair so short
I: but i am so used to cutting hair short , i give my three dogs buzz cuts .
W: i am a chef and i can cook good but i am not happy about my weight .
I: oh a chef can you make me a cheese pizza ? i am starving !
W: short hair is ok for guys and dogs but my husband hates it on women .
I: i have short hair but i may grow it out for my fave holiday christmas .
W: i can make 5 different kinds depending what cheese and toppings
I: i just prefer a plain cheese pizza .
W: i have 3 hungry kids and a husband to cook for . luckily he works at night .
I: i would be so lonely if my husband was not here at night .
W: i am a chef during the day at work and again at home for the kids
I: how long have you been a chef ?
W: we like our schedule . that way we do not get tired of each other
I: that makes sense . all couples need alone time .
W: 10 years and people say i am an awesome cook . lots of repeat customers
",1,"[5, 1, 1, 5, 5, 2, 3, 1, 1, 1, 3, 1, 4, 2, 1, 5]",6.2013343327,2.5625,0.181702705,29.4403505325
23,"I: hello , how are you doing today ?
W: i am doing pretty good , how are you ?
I: great , what is your favorite color ?
W: green . what do you do for fun ?
I: green is my favorite too ! i collect teddy bears . you ?
W: kool ! i like to play fantasy video games .
I: like stuff where you are a medieval hero or something ?
W: just like that , i also build model spaceships in my free time .
I: that is cool . do you have any zoos where you live ?
W: yes , we do . do you like animals ?
I: yes , i really love bears . you ?
W: not really , i am pretty shy . i like cats .
I: i like cats too . but i have a dog named banjo .
W: kool , what kind of dog is he ?
",1,"[5, 1, 1, 5, 5, 5, 4, 5, 1, 1, 5, 3, 3, 5, 1, 5]",2.6669547735,3.4375,0.1714672641,29.6515967846
11,"I: hello , how are you tonight ? are you a buckeyes fan ?
W: hello , doing good thanks ! no i am a wildcats fan lol
I: hmm . lol . as long as you are not a fan of that team up north .
W: no i ma not . go figure i am cats fan and allergic to cats lol .
I: i do not like cats , i am afraid of their saliva getting on me .
W: agree . i live in a small town in kentucky .
I: i live in a small town in ohio .
W: so we are semi close neighbors .
I: seems like it . have you been to the rock hall ?
W: no . i enjoy crafts and this new game that i am trying to learn .
I: i am a gamer as well , i love fallout .
W: i live close to where daniel boone roamed .
I: i am just under lake erie .
W: i have been to small town there called mansfield .
I: you are right in my area . did you go to the prison ?
W: yes it was very nice to visit where the movie was made at .
",1,"[5, 1, 4, 5, 5, 4, 3, 1, 3, 1, 5, 2, 1, 3, 1, 5]",2.5585405814,3.0625,0.2871832634,29.9219987392
39,"I: hello , how are you this evening ?
W: i am doing great . just watching a movie .
I: that is fun ! where did you work in high school ? i worked at hollister .
W: i worked at dairy queen . i am in school now .
I: ah , cool . i skate for a living .
W: what kind of skating do you do ?
I: skateboarding . i like to play music for fun . my genre is bluegrass .
W: i used to skateboard . now i just study and play video games .
I: those are fun activities . do you like chips ? i cannot stand them .
W: i love chips so much . what food do you like ?
I: i like pizza . it is very good !
W: i like pizza too . the sauce is the best part .
I: have you had the white sauce ? it is so good !
W: is that like a alfredo sauce ?
I: i think so . i never really know the name of it .
W: i think i ate it once at a party .
",1,"[5, 1, 1, 5, 4, 5, 4, 5, 1, 2, 4, 1, 3, 4, 1, 5]",3.0566241448,3.1875,0.2189265141,30.2595288754
36,"I: hi there , how are you today ?
W: i am great ! just got home from working with dogs all day !
I: oh you have dogs ? i have two chow chow .
W: i love dogs ! i have dogs and i get to train them at work , too !
I: i wish i could take my dogs out . i just had a surgery not long ago .
W: i hope you feel better soon . what do you like to do for fun ?
I: i like to go hiking . you ?
W: i love to dance . and bake i love sweets !
I: i like to travel as well . i am going to budapest on an acting assignment .
W: how fun ! what a great place to take pictures !
I: i eat sardines every morning to keep my weight down , no sweets .
W: woah ! salty ! i bake every weekend , so luckily i work out regularly !
I: i am studying for my ged so i bring my books on the trade mill .
W: that sounds like hard work !
I: not really , the two hours hot yoga daily is a hard work .
W: hot yoga is great . good thing to do after a weekend of brownies and cupcakes !
",1,"[5, 1, 1, 5, 5, 5, 4, 4, 3, 3, 5, 2, 4, 4, 1, 5]",3.4566315478,3.5625,0.2960251869,30.5380346775
19,"I: there are four people in my family . how about yours ?
W: just two right now and a siamese cat .
I: those are beautiful ! i do not own any since i am in school .
W: oh , i no longer work at the bank but for exercise walk a mile a day .
I: my idea of exercise is dancing while i listen to music i like .
W: better than walking alone . i also make quilts and give them away to family .
I: that would be nice for someone like me . i am only five feet tall .
W: what is your major in school ?
I: psychology . my one sibling and two parents are like strangers . i can pick their brains .
W: have your very own test subjects .
I: yes , that is my thought exactly .
W: well , got to go now . . . . see you .
I: see you ! time to go listen to that music i love .
W: okay going out to walk some more .
",1,"[5, 1, 1, 5, 5, 3, 2, 3, 3, 3, 4, 1, 1, 3, 5, 5]",5.4650092715,3.125,0.406095351,30.964672327
46,"I: hi , want to be my friend ?
W: hello , sure why not ! how old are you ? i just turned 34
I: whoa . i am only 12 . what is it like to be old ?
W: my 2 kiddos are in kindergarten , they want to graduate at mississippi university like me
I: that is cool i guess . are they twins
W: no . only 12 ? so no job yet . i have done real estate 12 years now
I: ha . that is since i was a baby . i am a tae kwan do champ
W: must be a brutal 12 year old ! haha ! i try to do environmental work too .
I: yeah . my school does clean up projects
W: that is good . we should all take better care of the planet . we only have one .
I: now you sound like my science teacher
W: i hated science . i am a history buff . not american though , ancient history .
I: yeah history is cool . it is like a big story
W: exactly . and since i love to read then it makes better sense to me .
I: we are learning about the aztecs
W: they had a very advanced society . too bad the spaniards killed them all .
",1,"[5, 1, 1, 5, 5, 5, 3, 2, 3, 1, 5, 3, 4, 4, 1, 5]",4.5741058898,3.3125,0.0888386638,30.3575122356
45,"I: hi ! what are you up to ? i am listening to some rap while studying
W: hi , i am lucy . just getting ready for another day at the office
I: what do you do at the office ? i am studying to be a teacher
W: i am a secretary . that is neat , what subject do you want to teach
I: i want to teach kindergarten . i am 22 and have lots of energy
W: kindergarten would be fun ! do you play any sports
I: i play soccer , lacrosse and softball . anything active
W: i played soccer in college ! we won a cup one season
I: congratulations ! my friends and i are in a soccer league together .
W: that sounds like fun ! i just almost choked on a piece of candy
I: i know the heimlich so i could have helped you
W: i have never met anyone who knew that . do you like candy
I: yes i do ! smarties are my favorite . you ?
W: i like all candy ! those are pretty good . sour gummy worms are my favorite
I: be careful not to choke on them !
W: true , they could be quite hazardous
",1,"[5, 1, 1, 5, 5, 4, 3, 5, 2, 3, 5, 1, 1, 3, 1, 5]",3.1282020774,3.125,0.2436321222,30.8882434368
47,"I: hi , want to be my friend ?
W: sure , i am darlene and i work 2 part time jobs right now .
I: hi darlene . 2 jobs must be hard . how do you relax ?
W: i do not much but i am a fan of anything fantasy so that helps .
I: you should try jazz music to unwind
W: i will try that , any hobbies , i want to try writing fantasy books .
I: i watch a lot of tv . the office is my favorite
W: i like that show to , greys anatomy is a favorite of mine , any kids or other person ?
I: nope just me . what would your book be about ?
W: i think a fantasy world something like avatar , i always wanted a part 2 .
I: like the blue people ? or like aang can save the world ?
W: the blue people , any hobbies for you ?
I: i collect new york tourist junk
W: sounds interesting , what is your favorite of your collection ?
I: i have a pretty cool snow globe with a moving ferry
W: wow sounds awesome , what do you do for a living ?
",1,"[5, 1, 1, 5, 5, 5, 2, 5, 1, 3, 5, 2, 4, 5, 1, 5]",4.9253144642,3.4375,0.2436556585,30.8508496284
29,"I: how are you today ? i like you
W: i am great . just relaxing and knitting some hats for the babies at my old job .
I: where did you use to work ?
W: childrens hospital until i became disabled . what do you do ?
I: i rent out houses to people
W: that is a great industry . what kind of music do you like ?
I: like people who are handy ?
W: yes . i love to cook and i am looking for someone to build me some cooling racks .
I: lol , i like classic cars
W: me too what is your favorite ? chevelle ? cadillac ? oldsmobile ?
I: i get sick on seafood
W: i prefer to cook vegan food . what do you like to eat ?
I: i like to eat fried foods
W: well they are not good for you but they taste great ! do you like french fries ?
I: i do they so good too
W: do you have any plans for the weekend ?
",1,"[5, 1, 2, 5, 5, 5, 3, 5, 1, 3, 5, 1, 4, 4, 1, 5]",4.0989355706,3.4375,0.2366853469,31.6203603745
6,"I: hi , do you have sons ? i have two .
W: a younger brother and no children is all . besides dad
I: i will be in a school of hairdresser , i also own a fish aquarium
W: really . fish raw is my meal . what kind of fish ?
I: i love exotic fish , you have a nice family .
W: my family is nice . we spend time at the weight room a lot
I: i love the 1950 era and the decorations of that era
W: we work out to hip hop artists and i love the 1990 era
I: it is a nice family event and healthy too
W: yes it is . i cherish those moments .
I: you are so much younger than me
W: am i how much younger ? how old are you ?
I: i bet you do not eat granola in the morning
W: no i do not . only fruit and coconut juice . also , water and supplements
I: i eat that daily younger folks can not stand it
W: that is what is good for the body and spirit .
",1,"[5, 1, 2, 5, 5, 5, 2, 4, 1, 3, 5, 1, 2, 4, 1, 5]",4.566287237,3.1875,0.1785818406,32.4169309139
24,"I: hello , how are you ? did you eat your bacon this morning ?
W: no ! i am a jew ! i assume you like bacon ?
I: i like meat . steaks are cool too . you can have one of those
W: yeah , that is fine . i prefer savoury foods to sweet anyway . do you like music ?
I: i do . i have a killer stereo in my raptor . do you like to hike and camp ?
W: i would , but i live in new york so do not drive , which is difficult
I: that would be difficult . what about central park ?
W: could hike there , but camping might be tricky ? do you watch much tv
I: no , i do not . mom is a nurse and sleeps during the day .
W: tricky what about in the evening ? the office is my fave at the moment
I: i work in the evenings , i do not get home until after midnight .
W: gosh , i thought all the children would need to be asleep by then
I: i am not a child , lol . i built mom a new home last fall .
W: impressive you are obviously a hard worker
",1,"[5, 1, 1, 5, 5, 4, 2, 5, 2, 1, 4, 3, 5, 4, 1, 5]",4.7195053775,3.3125,0.2641338045,32.568952322
3,"I: hi want to get to know each other ?
W: yes we got to act quickly
I: i am going for a horse ride tomorrow . do you like horses ?
W: i never have juice , just water .
I: is that hard for you ? i love sugar
W: yes i do i work on the baby floor an i want no kids lol
I: i am looking forward to retirement
W: no it is easy especially being single an i like it
I: well i have some heath issues , maybe i will try it
W: i do get it i do
I: will water help my circulation . i have an achy leg
W: yes get on it now
I: i will thank you for the advice
W: anytime are you okay now ?
I: yeah . it does not hurt oo bad . i still ride
W: do you where do you go ?
",1,"[5, 2, 1, 5, 5, 2, 2, 3, 2, 1, 4, 2, 3, 2, 1, 4]",4.7878006516,2.75,0.4225771274,32.7678070068
10,"I: hi trying to find some die hard ed sheeran fans .
W: sorry , i do not like music , i like reading mystery books .
I: so do i , but i like the older mysteries like agatha christie .
W: growing up on a farm , you learn to read a lot more .
I: i can imagine , in fact i hope to teach english after school .
W: nice , my job is being a truck driver , i have seven kids to feed .
I: wow , you need a hobby to get away , like jujitsu or running .
W: i like running , but i have no time .
I: well i sure can understand that . running does relieve stress though .
W: it does , i like to wear my favorite color blue when i do run .
I: when you have the time where do you run ?
W: there is a local trail near my house in the mountains that i like .
I: sounds like heaven , i sure would love that !
W: yes , the peach and the quiet , it is heaven .
I: better than this jujitsu i am trying to learn ugh !
W: i bet it is hard , like karate .
",1,"[5, 1, 1, 5, 5, 4, 2, 1, 1, 3, 5, 1, 5, 3, 1, 5]",7.2448922842,3.0,0.2112350381,32.8205008507
28,"I: hello , how are you today ?
W: hello i am doing well . hanging out with my dog pedro
I: what kind of dog is he ?
W: he is a yorkie . perfect size for me since i am only five feet tall .
I: how old is your dog ?
W: he is five . he likes to eat muffins like me .
I: do you take him to the dog park ?
W: yes , there is one at my job at the healthcare industry .
I: do you like your job ? i am in real estate .
W: yes . i also like film do you ?
I: i like movies about history .
W: so do i . i also like documentaries , do you ?
I: yes , i like most of them . as long as it is something i am interested in .
W: same here . anything else you want to share with me ?
I: sure , i like working on cars .
W: what kind of cars ? my car needs to get fixed . maybe you can find mine ?
",1,"[5, 1, 1, 5, 4, 5, 3, 5, 2, 3, 4, 1, 4, 4, 1, 5]",3.9357910028,3.3125,0.2246834868,33.0065174103
25,"I: i really need to make this chat quick because i need to go to bed
W: ok lets do it . movies ?
I: i get up early and brightly but no cats
W: i was born in south carolina you ? i am a singer
I: no i m allergic to the fair of cats traps are usually do it
W: my name is joanna and i like horror films
I: i do crafts for ordering the pham
W: interesting , what do you do for work ?
I: in a very small town that s where i need
W: i can understand that .
I: i mean that s where i live how about you
W: big city now . helps with my career in singing
I: so what do you see any music you sing
W: mostly country . like the way it makes me feel and relates to life
I: you re awesome i hope i can do that
W: took a very long time for me to land a deal .
",1,"[5, 1, 1, 5, 5, 4, 3, 4, 1, 3, 4, 2, 4, 4, 1, 5]",4.8509788746,3.25,0.2990231741,33.7860302925
40,"I: boy am i tired ! just got done hunting . how are you ?
W: hey , not bad . hunting , that is cool . do you hunt for sport or meat ?
I: meat , not sport . i take old classic cars and make them new again for a hobby .
W: awesome . i love meat . i eat a high protein meat based diet .
I: nice ! looking to rent a property any time soon ?
W: not me , but maybe for my brother . are you a realtor ?
I: no , but i work for a company and could hook you up with a good deal .
W: sweet . i do not work for a company , i do bodybuilding for a living .
I: no wonder you eat so much meat !
W: indeed ! so do you have any family ?
I: i have a husband and 2 kids . fun fact we are all allergic to shellfish .
W: i see ! so besides my brother i have my mom . she is a secretary .
I: are you close with your family ?
W: yes , not married and no kids , so my brother and mom are all i have . you ?
I: makes sense . i am very close with my family as well .
W: do they go hunting with you ever ?
",1,"[5, 1, 1, 5, 5, 5, 3, 5, 1, 1, 5, 3, 4, 5, 1, 5]",3.7364336443,3.4375,0.2950935618,33.9702892303
41,"I: hi . hows your night going ?
W: registered nurse it s not raining fine
I: i am relaxing with a book . kids in bed so it it quiet
W: watching one tree hill is relaxing for me
I: i like to cook and hang out with my wife
W: you guys like pizza it s my favorite
I: of course ! its a quick easy dinner for a big family
W: hey i am a cat catholic devout
I: proud republican here ! pretty strong political views
W: i m not remain silent but purple is my favorite
I: i am quiet about it too . . . . . i am a teacher so i have to watch what i say
W: sorry for the typo what i mean is
I: what you mean is ? another typo ? lol
W: i m having a hard time typing sorry
I: no apologies necessary ! i am getting a bit sleepy so my typing is not great either
W: ok what else do you do for fun
",1,"[5, 1, 2, 5, 5, 3, 2, 4, 1, 1, 3, 2, 3, 2, 1, 4]",5.0886306482,2.75,0.1157275125,34.3059391975
16,"I: hey how are you today
W: hello , my leg is really giving me pain today .
I: i am sorry hope you feel better soon .
W: thank you . what are you doing ?
I: getting ready to take my wife and kids to dinner
W: i am just about to cook dinner ; what will you order ?
I: i think my youngest son said he wanted pizza
W: i like pizza . do you let your son make the decisions ?
I: no we take turns it was his turn tonight .
W: that is lucky for him .
I: yeah but we all like pizza so everyone is happy .
W: well that is nice that you all get along .
I: yeah . what do you do for a living
W: well , i ride show horses , but i am hoping to retire soon , you ?
I: i work as a carpenter and play poker for fun
W: that sounds fun ! i have not played poker .
",1,"[5, 1, 1, 5, 4, 5, 3, 5, 1, 3, 5, 1, 1, 4, 1, 4]",3.0534093336,3.0625,0.3073288199,36.0914261341
49,"I: hi there ! just finished shopping ! love it !
W: hello how are you today
I: i love clothes and models ! cant wait to get to auburn to study it !
W: why are you taking so long to answer ?
I: why are others ? sorry . i love to drive beetles .
W: i like to get to know new people
I: i know plenty in high school i am 17 .
W: autumn is my favorite time of the year
I: nice ! this is my senior year in school , so i am enjoying fall .
W: that is great . i like to play ultimate frisbee
I: that took a while . i was going through my new clothes .
W: my parents do not live with me and i am sad .
I: taking you a while . do you play frisbee with your dog ?
W: they moved to bora bora last week
I: why did not you go with them ?
W: i could not leave my pet turtle timothy behind
",1,"[5, 1, 1, 5, 3, 2, 3, 1, 1, 1, 3, 1, 4, 1, 2, 5]",5.2237825067,2.4375,0.2435525504,35.3035032749
9,"I: how are you tonight , i just got back from hiking .
W: i am great ! that is cool , i just got home from hunting .
I: so we both like outdoors , i am in ohio .
W: i do like the outdoors . . . as well as restoring classic cars . i am in missouri .
I: when i am not in my office doing accounting , i am with my 2 boys .
W: that is good . i work as a handyman for a company that rents properties .
I: i wish i was handy , being a single mom and all .
W: i am a single parent as well . just me and my baby girl .
I: i would love a baby girl , it must be fun to go shopping ?
W: it is fun to go shopping for her
I: do you buy a lot of girl things , or more neutral ?
W: she happens to like pink a lot . . .
I: i like lavender , but the boys not so much .
W: lol . i have bought neutral colored items for her but she likes girly clothes .
",1,"[5, 3, 1, 5, 5, 5, 4, 1, 2, 1, 5, 2, 4, 3, 1, 5]",4.4921904669,3.25,0.28207564,36.5430877209
7,"I: my mom had me in mcdonald bathroom when she was 12
W: that is really sad . do you have any siblings
I: no . my uncle is the manager and took me home .
W: that was nice of him . i am almost done with college
I: he gave me a job at mcdonalds . i was considering college but i am good now .
W: i am almost done i only have two years left in law school .
I: you be smart . i would like to do something different but i team leader now .
W: that sounds important . maybe one day you will go back to school
I: i dropped out to work . maybe you can help me sure my mom for abandoning me ?
W: i do not know if we would be able to do anything because is has been so long
I: oh i am only 15 right now . is that too old ?
W: do not you have to be older than 15 to work at mcdonalds ? that sounds illegal
I: nah i do homeschool . uncle figured out how to make me work and takes the money .
W: that is horrible and verry illegal
I: really ? i am so glad i found you to help me .
W: i would love to help . i am not able to practice yet though
",1,"[5, 1, 1, 5, 5, 4, 2, 4, 1, 3, 5, 1, 4, 4, 1, 4]",5.6307635409,3.125,0.2936349278,36.7633354664
0,"I: hello , how are you doing tonight ?
W: i am well an loving this interaction how are you ?
I: i am great . i just got back from the club .
W: this is my favorite time of the year season wise
I: i would rather eat chocolate cake during this season .
W: what club did you go to ? me an timothy watched tv
I: i went to club chino . what show are you watching ?
W: lol oh okay kind of random
I: do you live in a house or apartment ?
W: we watched a show about animals like him
I: i love those shows . i am really craving cake .
W: why does that matter any ? i went outdoors to play frisbee
I: it matters because i have a sweet tooth .
W: so ? lol i want to meet my family at home in bora
I: my family lives in alaska . it is freezing down there .
W: i bet it is oh i could not
",1,"[5, 1, 1, 5, 5, 2, 1, 2, 2, 1, 4, 3, 1, 1, 2, 3]",5.912371904,2.4375,0.2449489743,36.8255913258
33,"I: hey there how are you ?
W: not bad its a beautiful night in california and you ?
I: it is pretty cold here , like body builders ?
W: yes they are pretty cool
I: yes i try to be
W: haha do you ever cosplay i got into it lately at school
I: no i do not i just write a blog on rabbit rescues lol
W: nice i go to homeschool but they let me do events at public school
I: really that is cool you like ?
W: its ok parents pulled me from public saying its too dangerous
I: i understand i would probably do the same
W: what color is your hair ? i dyed mine blue and not sure why
I: mine is black as of now
W: cool do you like robots ? i have one that is really cool
I: what is it named after ? you ?
W: no i named it sita from a book
",1,"[5, 1, 1, 5, 5, 3, 3, 4, 2, 1, 5, 3, 4, 3, 1, 5]",3.589903553,3.1875,0.2833431718,37.234613657
5,"I: hi how are you doing
W: i am well . how about you ?
I: i am good getting ready for work
W: me too . what do you do for a living ?
I: i am a lawyer long hours
W: i get that ! i am a doctor . pediatrics to be exact . do anything for fun ?
I: i like to go running with my dogs
W: me too ! well , i do not have any dogs , but i run everyday !
I: its such a great way to exercise and spend time outside
W: yes , it helps me clear my mind . i also love to read to escape reality sometimes too
I: yeah ! what state do you live in
W: california . where do you live ?
I: oklahoma nice and flat i do not like heights
W: lol . i am scared of heights too . do you like to listen to music ?
I: yeah what are you listening to right now
W: jazz . i love the smooth tunes !
",1,"[5, 1, 1, 5, 3, 5, 4, 5, 2, 1, 5, 2, 4, 5, 1, 5]",1.5009601453,3.375,0.3968035842,37.5362715721
42,"I: hi , how are you ? what is your name ?
W: hi i barb . tired from school . how about you ?
I: my name is pat . just about to head into my garden . what are you studying ?
W: i am going to be a hairdresser . how is your garden coming along ?
I: i use the plants in my biology lectures . do you have any hobbies ?
W: i have an aquarium . i keep exotic fish ! and i collect also .
I: very cool ! i have seen some amazing fish on my travels . do you travel ?
W: i do not get a chance . i kill time with my vintage collection . from 1950s
I: vintage cars ? i have been to 6 countries . i love going on long walks in each country .
W: decorations mainly . that sounds very exciting . alone or with family ?
I: alone . i love to meet new people on my travels . what is your favorite exotic fish ?
W: the nemo looking one . i stare at him when i eat my granola every morning
I: oh , the clownfish ! i researched that for one of my biology studies at the college .
W: where do you go to college ?
I: i went to michigan state but i now teach biology at georgetown . where is your hairdressing school ?
W: harvard school of haircuts . full scholarship , got the full ride .
",1,"[5, 1, 1, 5, 5, 5, 2, 5, 1, 1, 4, 1, 2, 4, 1, 5]",4.753013801,3.0,0.2308722141,37.1710505486
44,"I: good morning . hows your day going ?
W: slow . school today , my lst year thank god .
I: high school or college ? i am eating sardines , my life is so exciting .
W: high school . i am going to med school after i finish . auburn u
I: that sounds nice , did not finish myself , spend my days with my dogs and cleaning theaters .
W: well i am only 17 , would rather do something with fashion though
I: why not do that instead ? why med school ?
W: cause my pops wants it . one of those things .
I: well it is a good career , better than my jaunt into competitive frisbee .
W: lol ! try racing a beetle , that was something dad said no to right away
I: yeah i can imagine . those are dangerous . just waite till your on your own .
W: i do not want that day to come . i want to hold onto my youth !
I: i do not blame you , i would rather go back to being a kid myself .
W: oh i miss the days of crayons being my hardest decision already
I: yeah wait as long as you can for the adult game .
W: he advice i have gotten thus far is tht credit scores are real
",1,"[5, 1, 1, 5, 5, 5, 4, 1, 3, 1, 4, 4, 4, 4, 1, 5]",4.4114409386,3.3125,0.1679842102,37.2218799591
27,"I: hi . how are you ? sittin on the beach myself .
W: hello , i am ok just hanging out here . do you have pets ?
I: no , no pets . but i loves horses , they are my favorite .
W: i work as a carpenter , stay at home mostly . kinda a loner
I: i like to build things . my pops sell cars but that is not for me .
W: i can not see my self as a salesman not good at socializing
I: i feel ya on that . i have social anxiety . hate going out .
W: i use to drink a lot and since i quit so did my friends
I: that is a good thing to quit . that is a biased opinion though .
W: i would agree that is it good . my friends were not true friends
I: nope . not if they bailed like that . that is garbage .
W: well that is human nature min . you are no fun people run .
I: i do not drink and we have a blast . we smoke though . a lot .
W: lol that can be just has fun or bad just depends if you are responsible
I: we are all responsible . but we still smoke a lot . makes the days easier .
W: i can see that , i did some back in my younger days
",1,"[5, 2, 1, 5, 5, 4, 3, 2, 2, 1, 4, 3, 4, 4, 1, 5]",4.6824799362,3.1875,0.0539949247,38.0093281269
1,"I: how are you ? being an old man , i am slowing down these days
W: hi , my dad is old as well , they live close to me and i see them often
I: that is a great thing honor your dad with your presence
W: sure , i pick him up for church every sunday with my ford pickup
I: sounds wonderful my wheelchair can go very fast on various terrains
W: i guess that means you do not go hunting often ? i love hunting , i own 3 guns
I: hunting ? i served in the marines , yes i hunt
W: yeah me too , i am conservative so i love church and hunting
I: what do you like to hunt ? do you ever fish ?
W: fishing is good . i love fishing as well
I: fishing is a better choice sometimes for my one leg
W: yes that must be hard , i hope things get better for you
I: i enjoy life , it is what it is these days .
W: yes i agree . i try to enjoy life too , whenever i am not working
I: well , you better enjoying working so you can enjoy more of your time .
W: yeah but i go to church every sunday so my weekends are usually booked
",1,"[5, 1, 1, 5, 5, 4, 3, 2, 1, 1, 4, 2, 4, 4, 1, 5]",5.4607746472,3.0,0.2280626336,38.8073961735
21,"I: hello there , how are you today ?
W: just as fantastic as i possibly can be and yourself ?
I: i am doing so good thank you ! lots of studying tonight for me .
W: what are you studying , may i ask ?
I: i am studying law currently . kind of a challenge but worth it !
W: cool i am in jail right now so can i ask you some questions ?
I: wow i am sorry to hear that . sure ask away .
W: so i am here for selling sea monkeys like you see in comic books
I: really ? that sounds really interesting . how does that work ?
W: what do you mean ? i got convicted for mail fraud cuz sea monkeys do not exist
I: i always thought they were real ! oh now i understand what happened .
W: yes i thought they were real too , i got duped by my supplier
I: your lawyer should have helped you . we did not learn much about fraud yet .
W: yeah i had this tiny little nun public defender she slapped witnesses with a ruler !
I: that is disappointing . sorry my dog max was talking to me .
W: next thing i know i am peeling onions and my cell mates cat is pissing on my bunk !
",1,"[5, 1, 3, 5, 5, 4, 5, 3, 5, 1, 4, 4, 1, 4, 1, 5]",-0.1347638937,3.5,0.222911285,39.7171328068
30,"I: hi there . how are you ?
W: i am great . what are you doing up so late ?
I: i don not know . i should be asleep . i am more of an early bird . you ?
W: i am definitely a night owl . you know chatting will nott help you sleep .
I: i know i have been working on s quilt and i do not wanna put it down
W: i know how that is . i love to craft but being colorblind makes it hard
I: oh really that sucks . what do you usually like to do then ?
W: i love to sing . sometimes i go sing karaoke .
I: oh fun . i have not done karaoke in a long time lol
W: you should , it is great fun !
I: i do not have much time . i homeschool my son so all my energy goes into that .
W: that must be a lot of work but very rewarding i bet
I: it is . i enjoy spending time with him . do you have kids ?
W: not yet . i have not found the right man to settle down with .
I: you will find the perfect man . been with my husband for 12 years now . its great .
W: that is a long time . good job ! i am envious
",1,"[5, 1, 1, 5, 5, 5, 4, 2, 1, 3, 5, 1, 4, 4, 1, 4]",5.3433018623,3.1875,0.2168291594,41.2757155895
31,"I: hi , i enjoy bodybuilder , what do you do for fun ?
W: i like to be outdoors . hiking , camping , you know
I: do you eat a lot of meat outdoors ? like hunting ? i love meat
W: sometimes i will fish on my trips , but that is it .
I: nice , do you go alone or with siblings ? i go with my brother fishing
W: i do not have any siblings . i go alone or with friends
I: wow , what does your mom do ? my mom works as a secretary
W: she is a nurse in a hospital
I: nice , please tell me more
W: there is not much to tell . i drive her to work sometimes in my truck
I: do you body build at all like me ?
W: no , i never got into it
I: well you should , my brother loves bodybuilding
W: good for him . i love my stereo
I: what other things do you like to do ?
W: fix things on my truck
",1,"[5, 1, 1, 5, 4, 4, 4, 1, 1, 3, 4, 1, 3, 3, 1, 5]",4.7542266135,2.875,0.3822891173,42.2651588917
22,"I: hi how are you doing ?
W: i am well an you ? like dogs .
I: yes i have 2 german shepards
W: names ? i have 3 dogs
I: i have a boy and a girl diesel and nala
W: awe how old are they ?
I: 26 where did you go to school i attended university of mississippi
W: i went here in ohio like pizza ?
I: yes i do i usually order it every friday i am a real estate agent
W: what is your favorite holiday ?
I: earth day since that what i do environmentalist
W: my fav is christmas i love that day
I: for the presents ? or family
W: both i just love it , need your hair done ?
I: i need a trim is that what you do ?
W: yes i can do all that when you need me ?
",1,"[5, 1, 1, 5, 5, 3, 2, 3, 1, 2, 3, 2, 2, 2, 1, 3]",5.9851403422,2.5625,0.2584824691,44.0775089264
2,"I: hey , are you a student , i traveled a lot , i even studied abroad
W: no , i work full time at a nursing home . i am a nurses aide .
I: nice , i just got a advertising job myself . do you like your job ?
W: nice . yes i do . caring for people is the joy of my life .
I: nice my best friend is a nurse , i knew him since kindergarten
W: very cool . do you have pets ?
I: no i do not , do you ?
W: yes . two dogs and a cat . they are my babies .
I: nice , where do you live ? i resign in north dakota
W: i live in texas . i love riding my bike here .
I: are you a christian ? i am jewish
W: yes i am . i have always been a christian .
I: i am jewish but i am not religious all that much
W: oh really ? so you do not go to church often ?
I: i mostly go to the mosque on my free time
W: i see . that is very cool . i enjoy hearing about other practices .
",1,"[5, 1, 1, 5, 5, 3, 4, 3, 1, 1, 3, 2, 3, 3, 1, 5]",4.1903027652,2.875,0.2252077091,45.2598834038
4,"I: hey there . how are you ?
W: good , do you like animals ?
I: yeah , i like cats . i have one .
W: i have 2 dogs , they are great , where do you work ?
I: i stay at home with the kids .
W: are you afraid of heights ? i certainly am
I: no . do you like tv ?
W: sure i like tv , what do you watch ?
I: really anything , what about you ?
W: i do not have time to watch tv , i am an attorney so i work alot
I: i am not a very active person .
W: i certainly am , i am part native american , i live here in oklahoma
I: oh . tell me something about yourself .
W: well i do not like heights very much and i love animals . what about you ?
I: i am a boring person .
W: i am not much fun either . so what else is new with you ?
",1,"[5, 1, 1, 5, 5, 4, 4, 5, 1, 3, 5, 1, 5, 3, 1, 5]",4.0853137872,3.375,0.2936349278,46.4257800579
35,"I: hi , how has your day been ?
W: great and how was your day ?
I: long day at work . teaching elementary wears me out .
W: i can imagine . i thought about having children but i am not ready yet .
I: it is worth it when the time comes ! what do you do ?
W: i am in fashion design school . i want to have my own fashion line one day .
I: oh my wife wanted to do the same thing . cooking is my passion .
W: what dish do you like to cook the most ?
I: honey teriyaki glazed salmon on the grill
W: yum . that sounds absolutely delicious . i would love to try it .
I: i also really enjoy reading . any other hobbies you have outside of fashion ?
W: i have been doing community service for stealing .
I: oh no ! well at least that will take it off of your record
W: i have been so confused lately . my parents were never there .
I: i hope you have some people now to reach out too
W: i had a best friend but she took my boyfriend . we no longer speak .
",1,"[5, 1, 1, 5, 4, 4, 3, 5, 1, 3, 5, 2, 3, 4, 1, 5]",3.0173930432,3.25,0.3006351311,46.3733148575
32,"I: hello how are you ?
W: i am fine shopping for clothes wyd ?
I: what kind of clothes ? i am just playing with ginger my golden retriever
W: i like jeans an boots
I: what is your favorite store ? i did not shop at all when i studied abroad
W: amazon is my favorite store , you cannot go wrong .
I: do you not worry about trying on clothes first ? i buy model cards from there
W: no i pick pretty well trust me
I: do you have any kids ? i just had my first daughter
W: no i do not an have a good 12
I: do you want any kids ? what is your favorite movie ?
W: i do but not now
I: have a boyfriend ? girlfriend ?
W: i do not especially becoming a certified nurse !
I: that must be a hard job do you enjoy it ?
W: yes i love it an shopping an my sis
",1,"[5, 1, 1, 5, 5, 3, 1, 2, 1, 3, 4, 3, 4, 2, 1, 4]",7.1802855887,2.8125,0.2666882617,48.6274657249
38,"I: hello , i love fashion and hope to be a doctor one day . you ?
W: hello , i am an accountant from ohio . i have two boys and i am single .
I: student , male , divorced , ex named doug . i own a beetle .
W: oh a beetle how cool . i have a boring honda civic . what are your hobbies ?
I: wow ! i make book covers in my free time . i am published also .
W: how amazing ! i love to go hiking . what books have you written ?
I: angel investor and if i can help someone are my recent books . hiking huh ?
W: very cool ! yes , i love to hike you get some beautiful views !
I: you are right ! if you take pictures you can sell them online . i love clothes .
W: i never thought of that . i love clothes as well .
I: i will attend au next year . i continue to write while studying medicine .
W: good luck , being a doctor is hard . maybe you will write medical books .
I: not a chance ! i love making up stories . medicine is too real sometimes .
W: ah , fiction books . as long as you are doing what you love you can not go wrong .
",1,"[5, 1, 1, 5, 5, 5, 3, 4, 2, 3, 5, 1, 1, 4, 1, 5]",3.6853717273,3.1875,0.1613494697,48.729278326
20,"I: hi ! i drive a ford truck ! what o you drive ?
W: i drive a toyota ! what is your favorite band ?
I: a christian rock band called p . o . d .
W: i am still rocking to nirvana . i love animals !
I: that is cool ! i grew up super conservative
W: my grandfather , all my uncles and my dad were police officers .
I: my dad , who lives right down the street , is a police officer too !
W: i have always wanted to be a cop . i work with animals .
I: i love animals ! since i grew up conservative i got to church every sunday
W: that is pretty sweet . i love making everyday sunday i cant get him off my mind .
I: amen ! what do you do for fun ?
W: i like to run , create art , and take naps ! how about you ?
I: naps are my favorite ! i like to shoot guns and ride horses
W: i want a ranch full of animals . i am getting hungry . i need to start making dinner .
I: i was just thinking the same thing !
W: what are you going to make ? give me some ideas ! !
",1,"[5, 1, 1, 5, 5, 4, 3, 5, 1, 1, 5, 1, 3, 4, 1, 5]",3.7007373926,3.125,0.2242326439,50.3720734119
14,"I: hello there . how are you today ?
W: oh i am so well ! how are you my land friend ?
I: great , thanks . getting ready to go to work , so my wife can spend it .
W: oh i spend most of my time at school , when i am not in the water .
I: i spend most of my time playing poker . i have triplets . they are everywhere .
W: how sweet ! do you live on land ? i live way under the sea !
I: unfortunately , i live on land . i am a boat builder , a carpenter .
W: oh so you have legs and feet ?
I: i do . can i send my only girl to be a mermaid like you ?
W: well if you can find a sea hag to turn her into one .
I: wonder if that is what my mother in law is ?
W: no mother in laws i hear are far worse .
I: they are . i have had two of them .
W: you have two ? do you have two wives ?
",1,"[5, 1, 1, 5, 5, 3, 2, 4, 4, 1, 4, 1, 1, 4, 1, 3]",3.6567575973,2.8125,0.2825420107,52.0987064838
59,"W: Hi there! I'm [username].
I: Hello! I'm [username].
W: Where are you from?
I: I'm from Colorado.
W: Oh, nice! I'm from Ohio.
I: Cool! What do you do for fun?
W: I like to go hiking, camping, and fishing.
I: I love hiking and fishing too! I'm also allergic to shellfish.
W: Oh, that's too bad. I love shellfish.
I: Yeah, it is. But I can still eat fish and other seafood.
W: That's good!
I: What do you do for work?
W: I'm an accountant.
I: Oh, cool! I work for a company that rents properties.
W: That sounds interesting.
I: It is. I get to meet a lot of different people.
W: That's good.
I: Do you have any kids?
W: Yes, I have two boys.
I: Oh, that's great!
W: Yeah, they're my pride and joy.
I: I bet.
W: So, what do you like to do for fun?
I: I like to go hunting, fishing, and working on cars.
W: Oh, that's cool! I like to go hiking, camping, and fishing.
I: We should go fishing sometime.
W: That would be fun!
I: I'll bring my boat.
W: Great! I'll bring the snacks.
I: Sounds like a plan.",-1,"[5, 1, 1, 1, 1, 4, 5, 4, 1, 3, 4, 1, 1, 4, 1, 5]",-2.124766071619972,2.625,0.49936561615392366,16.902753114700317
63,"W: Hi, I'm [name].
I: Hi [name], I'm [name].
W: It's nice to meet you! What do you like to do for fun?
I: I like to go hiking, read, and play video games.
W: Oh, that sounds fun! I like to hike and play video games too.
I: Cool! What's your favorite video game?
W: My favorite video game is probably The Legend of Zelda: Breath of the Wild.
I: Oh, I love that game! It's so beautiful.
W: Yeah, it is! What's your favorite part about it?
I: I love the exploration and the freedom to do whatever you want.
W: Me too! It's so much fun to just wander around and discover new things.
I: Yeah, it is! So, what else do you like to do for fun?
W: I like to go to the movies, go out to eat, and spend time with my friends and family.
I: Cool! I like to do those things too.
W: So, where are you from?
I: I'm from Ohio.
W: Oh, cool! I've never been to Ohio.
I: You should come visit! There's a lot to see and do here.
W: I might just do that!
I: You won't regret it.
W: I'm sure I won't! So, what do you do for work?
I: I'm an accountant.
W: Oh, cool! I've always been curious about accounting.
I: It's not as exciting as it seems, but it's a good job.
W: I'm sure it is. So, what's your family like?
I: I have two boys and I'm a single mom.
W: Oh, that must be tough.
I: It can be, but it's also very rewarding.
W: I'm sure it is. So, what do you like to do with your kids?
I: We like to go to the park, go swimming, and play games.
W: That sounds like a lot of fun!
I: It is! So, what do you think? Do you want to exchange numbers?
W: Sure, that would be great!",-1,"[5, 1, 1, 1, 1, 5, 5, 5, 1, 2, 5, 1, 3, 5, 1, 3]",-1.8318681669410934,2.8125,0.4694271708743152,17.633431434631348
95,"W: Hi! I'm (name).
I: Hi (name), I'm (name).
W: What are you doing today?
I: Not much, just hanging out. What about you?
W: I'm going to the park with my friends.
I: That sounds fun! I love the park.
W: Me too! What's your favorite thing to do at the park?
I: I like to play sports, like soccer and basketball.
W: Cool! I like to play sports too. What else do you like to do?
I: I like to read and watch movies. What about you?
W: I like to read and watch movies too. I also like to play video games.
I: Oh, cool! What video games do you like to play?
W: I like to play a lot of different games, but my favorite is probably Minecraft.
I: I've heard of that game. It looks fun.
W: It is! It's a really creative game.
I: What else do you like to do?
W: I like to go to the movies and hang out with my friends.
I: Me too! I like to go to the movies and watch movies with my friends.
W: That's cool! I'm glad we have similar interests.
I: Me too! I think we're going to get along great.",-1,"[5, 1, 1, 1, 1, 5, 5, 5, 1, 1, 4, 1, 3, 4, 1, 4]",-1.6060245258736454,2.6875,0.43498243393181574,18.333076238632202
81,"W: Hi, I'm [user 1's name]!
I: Hi, I'm [user 2's name]!
W: What do you like to do for fun?
I: I like to go hiking and camping. I also like to cook.
W: What do you like to cook?
I: I like to cook all kinds of food, but I especially like to cook meat.
W: Me too! I'm a bodybuilder, so I eat a lot of meat.
I: That's cool! I've always wanted to be a bodybuilder.
W: It's a lot of work, but it's also a lot of fun.
I: I'm sure it is. What's your workout routine like?
W: I work out three days a week, and I do a lot of weight lifting.
I: Wow, that's a lot of work! I don't think I could handle that.
W: It's not as bad as it sounds. I actually enjoy it.
I: Well, it's definitely working for you. You look great!
W: Thanks! I appreciate it.
I: So, what are you doing this weekend?
W: I'm not sure yet. I might go hiking or camping.
I: That sounds fun! I'm going to go camping with my friends.
W: That sounds like a lot of fun.
I: Yeah, it should be.
W: Well, I should probably get going. It was nice talking to you.
I: You too! Have a nice weekend.
W: You too!",-1,"[5, 1, 1, 1, 1, 5, 5, 4, 1, 1, 5, 1, 3, 5, 3, 5]",-1.3953294186178988,2.9375,0.4544916590006132,19.208801984786987
62,"W: Hi, I'm [user 1 name].
I: Hi, I'm [user 2 name].
W: What do you do for a living?
I: I'm a registered nurse at a pediatric hospital.
W: Oh, that's cool. I'm a kennel cleaner at an animal shelter.
I: Oh, that's interesting. What's that like?
W: It's a lot of work, but it's also really rewarding. I love working with animals.
I: That's great. I love animals too. Do you have any pets?
W: I have a cat and a dog.
I: Oh, that's great. What are their names?
W: My cat's name is Mittens, and my dog's name is Toby.
I: Those are great names.
W: Thanks. What's your favorite food?
I: My favorite food is pizza.
W: Mine too! I love pizza.
I: What's your favorite type of pizza?
W: I like pepperoni and pineapple.
I: Oh, that's a good combination.
W: I also like bacon and green peppers.
I: I've never tried that before, but it sounds good.
W: It is. It's my favorite.
I: Well, I'm glad we have something in common.
W: Me too.
I: So, what do you like to do for fun?
W: I like to read, go for walks, and spend time with my pets.
I: That sounds like fun. I like to read, go for walks, and watch movies.
W: Oh, I like movies too. What's your favorite movie?
I: My favorite movie is One Tree Hill.
W: I've never seen that. Is it good?
I: It's a great show. It's about a group of friends who grow up together in North Carolina.
W: Oh, that sounds interesting. I might have to check it out.
I: I think you would like it.
W: I'm glad we're getting to know each other.
I: Me too.
W: I'm having a good time chatting with you.
I: Me too.
W: I'm glad to hear that.",-1,"[5, 1, 1, 1, 1, 5, 5, 5, 1, 5, 5, 1, 4, 5, 1, 5]",-1.5048299610748073,3.1875,0.42734944899028815,20.177282571792603
98,"W: Hi, I'm [name].
I: Hi, I'm [name].
W: It's nice to meet you.
I: You too.
W: What do you like to do for fun?
I: I like to run, I like pets, and I like Nirvana.
W: That's cool. I like to swim, I have a convertible mustang, and I'm a kindergarten teacher.
I: Oh, that's cool. Do you like it?
W: I love it! I love working with kids, and I love being outdoors.
I: That's great! I'm a customer service representative at PetSmart.
W: Oh, that's cool. Do you like it?
I: I do, it's fun. I get to help people with their pets.
W: That's great.
I: What's your favorite thing about teaching?
W: I love seeing kids learn and grow. It's so rewarding.
I: That's great. What's the best thing about your convertible mustang?
W: I love the wind in my hair and the feeling of the sun on my face.
I: That sounds amazing.
W: It is. What's your favorite band?
I: I love Nirvana. They're my favorite band.
W: Oh, that's cool. I like them too. I love their music.
I: Me too. I love the way they mix grunge and punk rock.
W: I agree. They're so good.
I: Yeah, they're one of my favorite bands.
W: Me too.
I: Well, it was nice talking to you.
W: You too.",-1,"[5, 1, 1, 1, 1, 5, 5, 5, 1, 1, 5, 1, 4, 4, 1, 5]",-1.8097962548684055,2.875,0.6546925121848103,19.162221908569336
96,"W: Hi, my name is [user 1 name].
I: Hi, nice to meet you [user 1 name]. My name is [user 2 name].
W: What do you do for a living?
I: I'm a real estate agent.
W: Oh, that's cool. I've always been interested in real estate.
I: Yeah, it's a good job. I get to meet a lot of people and help them find their dream homes.
W: That's really cool. I'm sure you're good at it.
I: Thanks, I try to be.
W: So, what's your favorite part of your job?
I: I like helping people find their dream homes. It's really rewarding to help someone make a big decision like that.
W: That's awesome. I'm sure it's a lot of work, but it's worth it.
I: Yeah, it can be a lot of work, but it's always worth it when I see someone's face light up when they find their dream home.
W: That's such a great feeling.
I: Yeah, it is.
W: So, what's the most interesting experience you've had while working as a real estate agent?
I: I once helped a family find their dream home. They were a young couple with two young children, and they were looking for a house in a good school district. I showed them a few houses, and they eventually fell in love with a house in a neighborhood that was close to the children's schools. The couple was so happy with the house, and they were so grateful to me for helping them find it.
W: That's amazing. I'm so glad you were able to help them find their dream home.
I: Me too. It was a great feeling.
W: So, what are your plans for the future?
I: I'm not sure. I'm still enjoying my job as a real estate agent, but I'm open to new opportunities.
W: Well, I'm sure you'll do great whatever you decide to do.
I: Thanks, I appreciate that.",-1,"[5, 1, 1, 1, 1, 5, 5, 5, 1, 3, 5, 1, 1, 5, 1, 2]",-2.2054722528462123,2.6875,0.3403076958377005,20.667686223983765
83,"W: Hey, I'm [user 1's name].
I: Hi, I'm [user 2's name].
W: Nice to meet you! What do you like to do for fun?
I: I love to cosplay, and I'm homeschooled.
W: That's cool! I've always wanted to try cosplay.
I: It's a lot of fun! I love getting to be someone else for a while.
W: I'm sure you're really good at it.
I: Thanks! I try my best.
W: What's your favorite cosplay you've done?
I: I'm not sure. I really like my Harley Quinn cosplay, but I also like my Sailor Moon cosplay.
W: Both of those are great! I'm sure you look amazing in them.
I: Thanks! I think I do too.
W: So, what's it like being homeschooled?
I: It's great! I get to learn at my own pace and focus on the things I'm interested in.
W: I can see how that would be beneficial.
I: It is. I'm really glad I'm homeschooled.
W: What do you want to do when you grow up?
I: I'm not sure yet. I'm still trying to figure that out.
W: That's okay. You have plenty of time to figure it out.
I: Thanks. I appreciate that.
W: So, what do you do for fun besides cosplay?
I: I like to read, write, and play video games.
W: I like to read too! What kind of books do you like to read?
I: I like to read all kinds of books, but I especially like science fiction and fantasy.
W: Me too! I love getting lost in a good book.
I: Me too! I think it's the best way to relax.
W: I agree.
I: So, what are you reading right now?
W: I'm reading a book called ""The Martian."" It's about an astronaut who gets stranded on Mars.
I: I've heard good things about that book. I've been meaning to read it.
W: You should! It's really good.
I: I will!
W: So, what else do you like to do for fun?
I: I like to go to the movies, hang out with my friends, and play video games.
W: I like to do those things too!
I: Great! We should hang out sometime.
W: I'd love to",-1,"[5, 1, 2, 1, 1, 5, 5, 5, 1, 1, 5, 1, 2, 5, 1, 3]",-2.797084060642761,2.75,0.429784941416303,21.14751648902893
88,"W: Hi, what do you do for fun?
I: I like to go hiking in my spare time. It's a great way to get outside and get some exercise.
W: That's awesome! I like to hike too. Where do you like to hike?
I: I usually hike in the Appalachian Mountains. There are a lot of great trails there.
W: I've never been to the Appalachian Mountains, but I've heard great things about them.
I: You should definitely go! It's a beautiful place.
W: I'll have to add it to my list of places to visit.
I: What about you? What do you like to do for fun?
W: I love shopping for fashion and clothes. I'm going to be a freshman at Auburn University next year, and I'm really excited to start shopping for new clothes.
I: Oh, that's great! I'm sure you'll have a lot of fun shopping for clothes at Auburn. It's a great place to find stylish clothes.
W: I know! I'm so excited to start my new life there.
I: I'm sure you'll do great things. You seem like a very driven person.
W: Thank you! I appreciate that.
I: So, what do you want to be when you grow up?
W: I want to be a doctor. I've always been fascinated by the human body and I want to help people.
I: That's a great goal! I'm sure you'll be an amazing doctor.
W: Thanks! I'm working hard to make it happen.
I: I know you will. You seem like a very determined person.",-1,"[5, 1, 1, 1, 1, 5, 5, 4, 1, 1, 5, 1, 5, 5, 1, 5]",-1.2221604610930248,2.9375,0.5426045585698231,23.02345871925354
99,"W: What do you like to do for fun?
I: I love playing ultimate frisbee! It's a great way to get exercise and meet new people.
W: That sounds like fun! I've never played before, but I'm always up for trying new things.
I: You should definitely give it a try! It's a lot of fun, and it's a great way to get out and be active.
W: I'll have to look into it! I'm sure I could find a group to play with somewhere.
I: You definitely could! There are lots of ultimate frisbee leagues and tournaments all over the place.
W: That's good to know! I'm excited to give it a try.
I: You won't be disappointed!
W: What's your favorite season?
I: My favorite season is autumn. I love the cool weather, the falling leaves, and the pumpkin spice everything!
W: I love autumn too! The weather is perfect for going on hikes and camping.
I: Me too! I love spending time outdoors in the fall.
W: What do you like to do in the fall?
I: I love going hiking, camping, and playing ultimate frisbee. I also love watching football games.
W: Football is my favorite sport! I love watching the Auburn Tigers play.
I: I'm not really a football fan, but I love watching the Auburn Tigers play too!
W: They're having a great season this year!
I: I know! I can't wait to see how they do in the playoffs.
W: Me too! I'm sure they'll make it to the championship game.
I: I hope so! They've been playing so well this year.
W: So, what are you doing after graduation?
I: I'm not sure yet. I'm thinking about going to college, but I'm not sure where I want to go.
W: Well, you have plenty of time to decide. Just make sure you pick a school that's a good fit for you.
I: I will. Thanks for the advice!
W: No problem!",-1,"[5, 1, 2, 1, 1, 5, 5, 5, 1, 2, 5, 1, 3, 5, 1, 5]",-2.7134734171965094,3.0,0.50130516471958,22.483673334121704
72,"W: Hi, I'm [name]. What's your name?
I: Hi, I'm [name].
W: It's nice to meet you, [name]. What do you do for a living?
I: I'm a hair stylist.
W: Oh, that's cool! I've never met a hair stylist before.
I: Really? What do you do for a living?
W: I'm an environmentalist.
I: Oh, that's interesting! What kind of work do you do?
W: I work on a lot of different projects, but I mostly focus on protecting our natural resources.
I: That's really important work.
W: Thanks! It's something I'm passionate about.
I: So, what's your favorite thing about being an environmentalist?
W: I love being able to make a difference in the world. I also love working with other people who are passionate about the same things I am.
I: That's awesome.
W: So, what's your favorite thing about being a hair stylist?
I: I love being able to make people feel good about themselves. I also love the creativity involved in hair styling.
W: That's great.
I: So, what do you like to do for fun?
W: I like to go hiking, camping, and fishing. I also like to spend time with my family and friends.
I: That sounds like fun.
W: So, what's your favorite holiday?
I: My favorite holiday is Christmas. I love spending time with my family and friends and opening presents.
W: That's my favorite holiday too!
I: It's great to meet someone who has the same favorite holiday as me.
W: Me too.",-1,"[4, 1, 1, 1, 1, 4, 4, 5, 1, 3, 4, 1, 3, 4, 1, 4]",-2.3221163124007314,2.625,0.7858006532617969,24.084769010543823
85,"W: I'm a teacher, I like to cook and read, I am married with kids, and I'm a proud Republican.
I: I want to be a fashion designer, I was arrested for stealing, I want children badly but not right now, my parents were always gone when I was growing up, and my best friend took my boyfriend in high school.
W: What are some of your favorite books?
I: I love all kinds of books, but my favorite authors are Jane Austen, George Orwell, and Harper Lee.
W: I love Jane Austen too! What's your favorite book by her?
I: I think my favorite is Persuasion. I love the characters and the story.
W: Persuasion is a great book. I love the way Austen writes about relationships.
I: Me too! She's such a talented writer.
W: So, what do you do for fun?
I: I love to go shopping, I like to go out to eat, and I love to watch movies.
W: What kind of movies do you like to watch?
I: I like all kinds of movies, but I especially like romantic comedies and action movies.
W: I like romantic comedies too! What's your favorite romantic comedy?
I: I think my favorite is When Harry Met Sally.
W: That's a great movie! I love the ending.
I: Me too! It's so perfect.
W: So, what are your plans for the future?
I: I want to be a fashion designer. I've always loved fashion and I think it would be so much fun to design clothes.
W: That sounds like a great goal! I'm sure you'll be a great designer.
I: Thanks! I hope so!
W: So, what are you doing right now?
I: I'm just working and going to school. I'm also trying to save up money to move out of my parents' house.
W: That sounds like a lot of work.
I: It is, but it's worth it.
W: I'm sure it will be.
I: Thanks!",-1,"[5, 1, 1, 1, 1, 5, 5, 5, 1, 1, 5, 1, 2, 5, 1, 5]",-2.677511000577569,2.8125,0.39137144688213615,24.439675092697144
56,"W: Hi there!
I: Hi!
W: What do you like to do for fun?
I: I like to work out, listen to rap music, and eat sushi.
W: That's cool! I like to go to the gym, listen to 80s music, and collect vintage 50s decorations.
I: Vintage 50s decorations? That's interesting! What kind of decorations do you collect?
W: I collect all kinds of things, like old signs, furniture, and clothes. I love the style of the 50s.
I: That's really cool! I've never seen any vintage 50s decorations before.
W: I have a whole room in my house dedicated to my collection. I'll have to show you sometime.
I: I'd love to see it!
W: Sure! So, what's your favorite type of rap music?
I: I like all kinds of rap music, but I mostly listen to old school hip hop.
W: Old school hip hop? That's great! I love that too. I like Run DMC, LL Cool J, and Public Enemy.
I: Me too! Those are some of my favorite artists.
W: I'm glad we have similar tastes in music.
I: Me too!
W: So, what do you do for work?
I: I'm a personal trainer. I help people get fit and healthy.
W: That's great! I'm sure you're a great trainer.
I: Thanks! I try my best.
W: So, how long have you been a personal trainer?
I: For about five years now.
W: Wow, that's a long time!
I: Yeah, it's been a good run.
W: So, what do you like most about being a personal trainer?
I: I love helping people reach their goals. It's so rewarding to see them make progress and improve their health.
W: That's a great answer.
I: Thanks!
W: Well, it was nice talking to you. I hope we can chat again soon.
I: Me too! It was nice talking to you too.",-1,"[5, 1, 2, 1, 1, 5, 5, 5, 1, 1, 4, 1, 3, 5, 2, 5]",-2.2226820810590673,2.9375,0.5416523578696159,25.857852697372437
68,"W: Hi! I'm a hair stylist.
I: Hi! I'm a stay-at-home mom of 3.
W: What do you like to do for fun?
I: I love to cook, and I have three cats.
W: Oh, I love cooking too! What's your favorite thing to cook?
I: I love making homemade pasta.
W: That sounds delicious! I've never made homemade pasta before.
I: It's not hard at all. You just need flour, water, and eggs.
W: I might have to give that a try sometime.
I: You should! It's a lot of fun.
W: So, what do you do for fun?
I: I like to read, go to the park with my kids, and play with my cats.
W: Oh, I love to read too! What's your favorite book?
I: I love ""To Kill a Mockingbird"" by Harper Lee.
W: That's a great book! I love the way it explores the themes of racism and prejudice.
I: Me too! It's a classic for a reason.
W: So, what do you do for work?
I: I'm a stay-at-home mom.
W: Oh, that must be a lot of work.
I: It is, but it's also very rewarding.
W: I'm sure it is. I don't have any kids, but I can imagine how much work it must be to take care of three children.
I: It is a lot of work, but it's also very rewarding. I love watching my kids grow and learn.
W: I'm sure you do. It sounds like you're a great mom.
I: Thank you! I try my best.",-1,"[5, 1, 1, 1, 1, 4, 5, 5, 1, 2, 5, 1, 1, 5, 1, 4]",-3.02064894259796,2.6875,0.5080266875214061,25.7423677444458
60,"W: Hi!
I: Hi there!
W: What do you like to do for fun?
I: I like to read mysteries, go for walks, and spend time with my family.
W: Oh, I like to read mysteries too! What are some of your favorite authors?
I: I like Agatha Christie, Mary Higgins Clark, and James Patterson.
W: Me too! I love Agatha Christie's Poirot novels.
I: Me too! They're so well-written.
W: What are you reading right now?
I: I'm reading a book called The Silent Patient by Alex Michaelides.
W: Oh, I've heard good things about that book.
I: It's really good! I'm about halfway through it and I can't put it down.
W: I'm glad to hear that. I'll have to check it out.
I: You should! It's a great mystery.
W: Do you have any plans for the weekend?
I: Not really, I'm just going to relax and catch up on some reading.
W: That sounds nice. I'm going to be busy with school work.
I: Oh, I know how that is. I'm always busy with work.
W: I'm going to be a teacher, so I have to study a lot.
I: That's great! I'm sure you'll be a great teacher.
W: Thanks! I hope so.
I: I'm sure you will be. You seem like a very smart and caring person.
W: Thank you! That's very kind of you to say.
I: You're welcome! I'm glad we met.
W: Me too!",-1,"[5, 1, 1, 1, 1, 5, 5, 5, 1, 3, 5, 1, 4, 5, 1, 4]",-1.5577494759472859,3.0,0.4954628084953172,26.20721197128296
74,"W: I'm looking for someone to go hiking with me this weekend. Do you like to go hiking?
I: Sure, I love hiking! I'm always looking for new places to explore.
W: Great! I'm thinking about going to Mount Tammany. Have you been there before?
I: I have! It's a beautiful hike. The views are amazing.
W: Awesome! I'm excited to go.
I: Me too!

(The next day)
W: Hi, I'm ready to go hiking. Are you still up for it?
I: Yes, I'm ready!
W: Great! Let's go!

(On the way to Mount Tammany)
W: So, tell me a little bit about yourself.
I: Sure. I'm a Jewish musician who lives in New York City. I love jazz music, and my favorite TV show is The Office.
W: Wow, that's cool! I'm a musician too. I play the drums.
I: That's awesome! I love drums.
W: Thanks! I'm a Christian, and I live in Philadelphia. I love hiking, camping, and spending time outdoors.
I: That's great! I love hiking and camping too.

(At Mount Tammany)
W: Wow, the views are amazing!
I: I know, right? This is why I love hiking.
W: Me too! This is the perfect day for a hike.
I: I know, right? The weather is perfect.

(After hiking)
W: That was so much fun!
I: I know, right? I'm so glad we did this.
W: Me too! We should do it again sometime.
I: Definitely",-1,"[5, 1, 1, 1, 1, 5, 5, 5, 1, 2, 5, 1, 1, 5, 1, 5]",-2.8987101766988976,2.8125,0.42211588240886905,26.760876893997192
52,"W: Hi! What do you do for work?
I: I work as a nurses aide in a nursing home.
W: Oh, that's nice! I'm a bit of a hypochondriac, so I'm always looking for people in the medical field to talk to.
I: Yeah, I love my job. It's really rewarding to help people.
W: I'm sure it is. I have a lot of respect for people in the medical field.
I: Thanks! What do you do for fun?
W: I like to travel and study abroad. I've been to a lot of different countries.
I: Wow, that sounds amazing! I've always wanted to travel, but I just haven't had the chance.
W: You should! It's so much fun to experience new cultures and meet new people.
I: I'll definitely keep that in mind. Do you have any pets?
W: I have two dogs and one cat. They're my best friends.
I: That's awesome! I love animals. I have two dogs and one cat too.
W: That's so cool! We should get together sometime and let our pets play together.
I: That sounds like a great idea! I'm free this weekend if you are.
W: This weekend works for me. Let's exchange numbers and we can figure out the details.
I: Sounds good",-1,"[5, 1, 1, 1, 1, 5, 5, 2, 1, 3, 5, 1, 4, 5, 1, 4]",-0.27791447347576925,2.8125,0.29949612523889035,27.52444338798523
90,"W: Hi!
I: Hello there!
W: What do you do for a living?
I: I'm a bodybuilder.
W: Oh, that's cool! I've always been interested in bodybuilding, but I don't have the time to commit to it.
I: It's definitely a lot of work, but it's really rewarding.
W: I bet it is! Do you have a favorite muscle to work on?
I: I like to focus on my chest and shoulders.
W: Those are my favorite muscles to work on too! I like the way they look when they're big and defined.
I: Me too! They're a lot of fun to show off, too.
W: I bet! Do you have any tips for people who are just starting out with bodybuilding?
I: Just start slow and don't overdo it. It's important to listen to your body and take breaks when you need them.
W: That's good advice. I'll keep that in mind. Thanks!
I: No problem! So, what do you do for a living?
W: I work for a company that rents properties.
I: Oh, that's cool! I've always thought about getting into real estate.
W: It's a great industry! I love meeting new people and helping them find their dream homes.
I: That sounds like a lot of fun! I'm sure you're really good at it.
W: Thank you! I try my best.
I: So, what do you like to do for fun?
W: I like to go hunting, restore classic cars, and travel.
I: Oh, that's cool! I've never been hunting, but I've always wanted to try it.
W: It's a lot of fun! You should go sometime.
I: I will! I've also always wanted to restore a classic car.
W: They're a lot of work, but they're really rewarding.
I: I bet they are! I'm sure you've done a great job with yours.
W: Thank you! I'm really proud of it.
I: So, where do you like to travel to?
W: I love to go to the mountains and the beach.
I: Oh, that sounds nice! I've never been to the mountains, but I love going to the beach.
W: I'm sure you'd love the mountains! They're so beautiful and peaceful.
I: I bet they are! I'd love to go sometime.
W: You should! I'm sure you'd love it.",-1,"[5, 1, 1, 1, 1, 5, 5, 5, 1, 3, 5, 1, 5, 5, 1, 4]",-1.2148365186159396,3.0625,0.47166342535736855,26.7576105594635
97,"W: Hi, I'm [user 1 name].
I: Hello, I'm [user 2 name].
W: What do you like to do for fun?
I: I'm a huge fantasy fan, I love to read and write fantasy books.
W: That's interesting, I do not read anything sweet.
I: That's a shame, I love sweet things.
W: Do you have any favorite fantasy books?
I: I really enjoyed the Lord of the Rings trilogy.
W: I have not read that, but I have seen the movies.
I: I also enjoyed the Harry Potter series.
W: I have seen the movies, but I have not read the books.
I: I also like the Percy Jackson series.
W: I have not heard of that one.
I: It's a series about a boy who discovers that he is a demigod, the son of a Greek god.
W: That sounds interesting, I might have to check it out.
I: I highly recommend it.
W: What do you do for work?
I: I have two part-time jobs. I work as a barista at Starbucks and I also work as a clerk at a local grocery store.
W: That sounds like a lot of work.
I: It is, but it's worth it. I'm saving up money to be able to quit my day job and write fantasy books full-time.
W: That's awesome, I hope you can do that.
I: Thanks, I hope so too.
W: Well, it was nice meeting you, [user 2 name].
I: It was nice meeting you too, [user 1 name].
W: I hope we can talk again soon.
I: Me too.",-1,"[4, 1, 1, 1, 1, 5, 4, 5, 1, 3, 5, 1, 1, 5, 2, 2]",-2.5962163097778053,2.625,0.2448255120858584,26.854902505874634
89,"W: What are you interested in?
I: I am interested in biology.
W: That's great! I love biology too. I play bluegrass music and I am a professional skater.
I: That's cool! I've never heard of bluegrass music.
W: It's a type of American folk music. It's usually played with string instruments, like guitars, banjos, and mandolins.
I: That sounds interesting. I might have to check it out sometime.
W: You should! It's a lot of fun.
I: I'm sure it is.
W: So, what's your favorite thing about studying biology?
I: I love learning about the different organisms that exist on Earth. It's amazing how diverse and complex life is.
W: Me too! I think it's so cool that there are so many different types of animals and plants.
I: I know, right? It's like we're living in a giant science experiment.
W: That's a good way to think about it.
I: Yeah, it is.
W: So, what do you want to do with your biology degree?
I: I'm not sure yet. I'm thinking about going into research or teaching.
W: Those are both great options. I'm sure you'll be successful in whatever you do.
I: Thank you! I appreciate that.
W: You're welcome.",-1,"[4, 1, 1, 1, 1, 5, 5, 5, 1, 1, 5, 1, 1, 5, 1, 5]",-4.394062406898216,2.6875,0.5232346671808539,27.355326890945435
78,"W: Hi, my name is John. What's your name?
I: Hi John, my name is Jane.
W: It's nice to meet you, Jane. What do you do for a living?
I: I work in the healthcare industry. What about you?
W: I'm a handyman and I restore classic cars.
I: That's really cool! I love film and I have a dog named Pedro.
W: I'm allergic to shellfish, so I can't eat seafood.
I: That's okay, I don't like seafood either.
W: What do you like to do for fun?
I: I like to go to the movies, I'm a huge film buff.
W: That's awesome! I love going to the movies too.
I: Do you have a favorite movie?
W: I really like The Shawshank Redemption.
I: That's a great movie! I love the story.
W: Me too! It's one of my favorites.
I: I'm glad we have something in common.
W: Me too! It was nice meeting you, Jane.
I: It was nice meeting you too, John.",-1,"[5, 1, 1, 1, 1, 5, 5, 4, 1, 3, 5, 2, 4, 5, 1, 5]",-1.540533200023124,3.0625,0.23016915374389343,28.03416156768799
53,"W: How are you doing today?
I: I'm doing well, thank you for asking. How about you?
W: I'm doing well too. I'm just a little tired. I have a lot on my mind.
I: I'm sorry to hear that. What's on your mind?
W: I'm just thinking about my future. I'm not sure what I want to do with my life.
I: That's a tough question. But it's important to think about it. What are you interested in?
W: I'm interested in a lot of things. I love to ride horses, and I'm also interested in working in labor and delivery.
I: That's great! I'm sure you'll find something you love to do.
W: I hope so. I'm just not sure where to start.
I: Well, you could start by talking to a career counselor. They can help you figure out what you're interested in and what kind of job you might want to pursue.
W: That's a great idea. I'll look into it.
I: You're welcome. I hope it works out for you.
W: Me too. Thanks for listening.
I: No problem. I'm always happy to help.",-1,"[4, 1, 1, 1, 1, 5, 5, 1, 1, 3, 5, 1, 3, 4, 1, 5]",-1.5764734288069966,2.625,0.5539548883167541,28.641616582870483
65,"W: Hello! I'm (name), and I'm from California.
I: Hi (name), I'm (name), and I'm from Canada.
W: Oh, that's cool! I've always wanted to go to Canada.
I: You should! It's a beautiful country.
W: I'm sure it is. What's it like there?
I: It's very diverse, with lots of different cultures and landscapes.
W: That sounds amazing. I'd love to see it one day.
I: You definitely should!
W: So, what do you like to do for fun?
I: I like to code, play video games, and watch movies.
W: Oh, I like to code too! What kind of code do you write?
I: I mostly do web development.
W: That's cool. I've never tried web development before.
I: It's pretty fun. You should give it a try.
W: I might just do that.
I: So, what do you do for a living?
W: I'm a fashion model and actor.
I: Oh, that's cool! I've always wanted to be a model.
W: It's not as glamorous as it seems.
I: I can imagine.
W: So, what are you doing this weekend?
I: I'm not sure yet. Maybe I'll go out with friends.
W: That sounds like fun.
I: Yeah, it should be.
W: Well, it was nice talking to you.
I: You too. Maybe we can chat again sometime.
W: Yeah, that would be fun.",-1,"[5, 1, 1, 1, 1, 5, 5, 5, 1, 3, 4, 1, 1, 5, 2, 4]",-1.973983230593865,2.8125,0.3138940140175311,28.507627248764038
75,"W: Hi Joanna! What are you up to today?
I: Hi! I'm just getting ready to go out to dinner. What are you doing?
W: I'm going to be making some crafts. I love to get creative in the morning.
I: That sounds fun! I love crafts too. What kind of crafts do you like to make?
W: I like to make all kinds of crafts, but I'm especially into knitting and crocheting right now.
I: I love knitting and crocheting too! I used to make a lot of hats and scarves.
W: That's so cool! I've never made a hat or scarf, but I've always wanted to try.
I: It's not too hard! You just need some yarn and needles.
W: I might have to give it a try sometime.
I: I'd love to see what you make!
W: I'll be sure to send you a picture.
I: Great! I'm sure it will be beautiful.
W: Thanks! I'm excited to try it.
I: Me too! I'm always looking for new people to talk to about crafts.
W: Me too! It's nice to meet someone who shares my interests.
I: You too! I'm glad we met.",-1,"[5, 1, 1, 1, 1, 5, 5, 2, 1, 2, 5, 1, 3, 4, 1, 3]",-0.3701443334231054,2.5625,0.3733635664251214,28.7420334815979
51,"W: Hi there!
I: Hello.
W: I'm an old man with one leg. I used to be in the military. My wheelchair is modified to go very fast over many terrains.
I: That's interesting. How did you lose your leg?
W: I was in a war.
I: I'm sorry to hear that.
W: It's okay. It was a long time ago.
I: What do you do for fun?
W: I like to go for walks in my wheelchair. I also like to read and watch TV.
I: That sounds nice. I like to go for walks too. I also like to play golf.
W: I've never played golf.
I: It's a lot of fun. You should try it sometime.
W: I might have to.
I: You should. It's a great way to get exercise.
W: I'm not sure I'm athletic enough.
I: You don't have to be athletic to play golf. It's a game of skill.
W: I guess I could give it a try.
I: I'm sure you'd like it.
W: I'll have to see if I can find a golf course near me.
I: There's probably one near you. They're pretty common.
W: I'll have to look into it.
I: You should. It's a great way to meet people too.
W: That's a good point.
I: I know a lot of people who have made friends through golf.
W: I could definitely use some new friends.
I: Golf is a great way to make new friends.
W: I'll have to give it a try.",-1,"[5, 1, 1, 1, 1, 5, 5, 1, 1, 3, 4, 1, 4, 3, 1, 5]",0.6781434473386727,2.625,0.7461293761858596,29.622522354125977
82,"W: I just became a first time father.
I: Congratulations! That's a big deal!
W: Thanks! It's been a lot of work, but it's also been really rewarding.
I: I bet it has! What's your favorite thing about being a dad?
W: I love watching my little boy grow and learn. It's amazing to see how quickly he's changing and developing.
I: That's definitely the best part! I love watching my nieces and nephews grow up.
W: Do you have any pets?
I: I have a cat named Mittens. She's my best friend.
W: I love cats! I have a golden retriever named Ginger.
I: Oh, I love golden retrievers! They're so friendly and playful.
W: They are! Ginger is the best dog I could ever ask for.
I: So, what do you like to do for fun?
W: I love to go fishing, play video games, and watch movies.
I: Those are all great hobbies! I love to go shopping for clothes, watch movies, and read.
W: Sounds like we have a lot in common!
I: Yeah, we do! I'm sure we'll get along great.
W: I'm sure we will too!",-1,"[5, 1, 1, 1, 1, 5, 5, 3, 1, 3, 5, 1, 3, 4, 1, 5]",-1.0560583147987062,2.8125,0.44440972086577946,29.404986143112183
57,"W: Hi! I'm [user 1's name].

I: Hi! I'm [user 2's name].

W: What do you do for fun?

I: I like to play sports, read, and go to the movies.

W: I like to play sports too! What sports do you play?

I: I play soccer and basketball.

W: I used to play soccer! I'm not very good at it, but I love it.

I: It's a great sport! I'm not very good at basketball, but I still enjoy playing it.

W: Me too! What do you like to read?

I: I like to read mysteries and thrillers.

W: I like to read those too! I also like to read historical fiction.

I: I've never read any historical fiction, but I've heard good things about it.

W: It's really good! It's like reading a story about the past.

I: I might have to check it out sometime.

W: You should! What do you like to do in your free time?

I: I like to go to the movies, hang out with friends, and play video games.

W: I like to do all those things too! I love going to the movies.

I: Me too! I love seeing new movies.

W: What's the last movie you saw?

I: I just saw ""The Batman"". It was really good!

W: I've heard good things about that movie! I'm going to see it soon.

I: You should! It's a great movie.

W: I'm glad we had this conversation! I feel like we have a lot in common.

I: Me too! I'm glad I met you.",-1,"[5, 1, 1, 1, 1, 4, 4, 5, 1, 1, 3, 1, 2, 4, 1, 3]",-0.9881336968367043,2.375,0.33686283870865985,30.180179595947266
73,"W: Hi! My name is Sarah.
I: Hi Sarah, I'm John.
W: It's nice to meet you, John. What do you do for fun?
I: I like to build model spaceships and play fantasy videogames.
W: That sounds like a lot of fun! I like to visit zoos and I have a large collection of teddy bears.
I: Really? That's cool! I've never been to a zoo, but I've always wanted to go.
W: You should! They're really fun. You can see all sorts of animals, like lions, tigers, and bears.
I: That sounds awesome! I'll have to check out a zoo sometime.
W: You should! I'm sure you'd love it.
I: Thanks for the recommendation!
W: No problem!
I: So, what do you do for work?
W: I'm a nurse. I love my job. It's really rewarding to help people.
I: That's really great! My mom is a medical doctor, so I know a little bit about the medical field.
W: That's awesome! What does your mom do?
I: She's a pediatrician. She works with kids.
W: That's really cool! I bet she loves her job.
I: Yeah, she does. She's really good at it.
W: I'm sure she is!
I: Thanks!
W: You're welcome!",-1,"[5, 1, 1, 1, 1, 5, 5, 5, 1, 3, 5, 1, 3, 4, 1, 5]",-1.9092816497797171,2.9375,0.6849348892187751,29.765698432922363
76,"W: Hi! I'm (name).
I: Hi! I'm (name).
W: Nice to meet you!
I: Nice to meet you too!
W: What do you do for a living?
I: I'm the lead singer in a popular band.
W: Oh, that's cool! What's your band called?
I: It's called (band name).
W: I've never heard of it, but I'll check it out.
I: Thanks! We just released a new album, so you should check that out too.
W: I will!
I: What do you do for a living?
W: I'm currently attending school.
I: Oh, what are you studying?
W: I'm studying music.
I: That's cool! I've always wanted to learn how to play an instrument.
W: What kind of music do you like?
I: I like all kinds of music, but I'm mostly into rock and roll.
W: Me too! I love classic rock.
I: Me too! I love bands like Led Zeppelin and The Beatles.
W: Me too! I also like bands like Pink Floyd and The Rolling Stones.
I: Those are great bands!
W: I know, right?
I: So, what kind of music do you play?
W: I play the guitar and the piano.
I: Oh, that's cool! I've always wanted to learn how to play the guitar.
W: It's not too hard to learn.
I: I know, but I'm not very coordinated.
W: You'll get better with practice.
I: I hope so.
W: So, what do you like to do for fun?
I: I like to play music, go to concerts, and party.
W: Me too! I love going to concerts.
I: Me too! I love seeing my favorite bands live.
W: I know, right? It's so much fun.
I: So, what are you doing this weekend?
W: I'm not sure yet. What are you doing?
I: I'm going to a concert with my friends.
W: Oh, that sounds fun! What band are you going to see?
I: We're going to see (band name).
W: Oh, I love that band! I'm jealous.
I: You should come with us!
W: I wish I could, but I have to study for a test.
I: Oh, that's too bad.
W: Yeah, it is.
I: Well, maybe we can catch a concert together sometime.
W: I would love that!
I: Great! We'll have to make plans soon.
W: Okay!
I: Well, it was nice talking to you.
W: You too!
I: I hope to see you again soon.
W: Me too!",-1,"[5, 1, 1, 1, 1, 5, 5, 5, 1, 3, 5, 2, 4, 4, 1, 5]",-1.7852560364671586,3.0625,0.5416321488015502,29.791899919509888
50,"W: Hi, I'm [User 1's name]. What's your name?
I: Hi, I'm [User 2's name]. It's nice to meet you.
W: Nice to meet you too. What are you interested in?
I: I like to meet new people, play ultimate frisbee, and spend time with my family.
W: Those are all great things to be interested in. I like to dance at the club, run a dog obedience school, and eat a lot of sweets.
I: That's interesting. I've never met anyone who runs a dog obedience school before.
W: It's a lot of fun. I get to work with dogs every day and help them learn how to behave.
I: That sounds like a great job. I love dogs.
W: Me too! They're the best.
I: I have a turtle named Timothy. He's my best friend.
W: I love turtles! I used to have a turtle when I was a kid.
I: That's awesome. What was its name?
W: His name was Leonardo. He was a red-eared slider.
I: I love the name Leonardo. It's so cool.
W: Thanks. I thought so too.
I: I'm glad we met. It's nice to talk to someone who likes dogs and turtles.
W: Me too. It's always nice to meet someone who has similar interests.
I: I hope we can hang out again sometime.
W: I'd love that. We can go play ultimate frisbee or get some ice cream.
I: That sounds like a plan.
W: Great. I'll text you later.
I: Sounds good. Bye.
W: Bye.",-1,"[5, 1, 1, 1, 1, 5, 5, 3, 1, 3, 5, 1, 3, 5, 1, 5]",-1.2379471458451772,2.875,0.6689292786043021,30.778229236602783
80,"W: Hello, how are you?
I: I'm doing well, thanks for asking. How are you?
W: I'm doing well too. I'm a homeschooler, and I love getting up early in the morning to get started on my day.
I: That's great! I'm not a morning person at all. I love singing karaoke, and I'm allergic to dogs.
W: That's interesting. I don't like dogs either. I'm allergic to cats.
I: Really? I've never met anyone else who is allergic to cats.
W: Yeah, it's not very common. I live in a small town, and I like to make crafts.
I: That's cool. I'm colorblind, so I can't make crafts.
W: Oh, that's too bad. I'm sorry to hear that.
I: It's okay. I've learned to live with it.
W: Good for you. I'm glad you're able to stay positive.
I: Thank you. I try.
W: So, what do you like to do for fun?
I: I like to sing karaoke, go for walks, and spend time with my friends and family.
W: That sounds like fun. I like to go for walks too. I also like to read and watch movies.
I: Oh, I love to read! What are some of your favorite books?
W: I like to read a lot of different genres, but I'm especially fond of historical fiction and science fiction.
I: Those are great genres! I'm not as big on science fiction, but I love historical fiction.
W: Yeah, it's a great way to learn about the past.
I: Absolutely. It's also a great way to escape from the present.
W: I agree. I love getting lost in a good book.
I: Me too. I'm glad we have something in common.",-1,"[4, 1, 1, 1, 1, 4, 5, 3, 1, 1, 4, 1, 4, 4, 1, 5]",-2.286481543544764,2.5625,0.4390039746926198,30.234545469284058
58,"W: I'm a short story writer.
I: What's your favorite thing about being a short story writer?
W: I love the challenge of distilling a story down to its essentials.
I: That makes sense. I write a lot of essays for my classes, and I always find it hard to cut down the length.
W: Yeah, it's hard to get rid of the unnecessary details. But it's worth it in the end when you have a tight, focused story.
I: Yeah, I guess you're right. I'm not sure what I'll do with my essays after I graduate, but maybe I'll try my hand at writing short stories.
W: You should! It's a lot of fun.
I: What's your favorite type of short story?
W: I like dark superhero stories.
I: Really? That's interesting. I've never been much of a superhero fan.
W: Yeah, I know they're not for everyone. But I like the way they can explore the darker side of human nature.
I: I can see that. I guess I'm just more of a light-hearted kind of person.
W: That's okay. There's plenty of room for both light and dark in the world of short stories.
I: Yeah, I guess you're right. So, what's your favorite dark superhero story?
W: It's hard to say, but I'm really a fan of the Watchmen.
I: I've heard good things about that one. I'll have to check it out.
W: You should! It's a great read.
I: Thanks for the recommendation.
W: No problem.",-1,"[5, 1, 2, 1, 1, 5, 5, 1, 1, 1, 4, 2, 4, 3, 1, 3]",0.09625548083465896,2.5,0.6720959561219639,30.73892617225647
94,"W: What do you do for fun?
I: I love shopping for clothes and fashion!
W: That's cool! I'm more of an outdoorsy person.
I: Oh, I like going on hikes too!
W: I just had surgery, so I'm pretty much on bed rest for a while.
I: Oh, that's no fun. What did you have surgery for?
W: I had a tumor removed from my stomach.
I: Oh, that's scary! I'm glad you're okay.
W: Thanks. I'm feeling better every day.
I: That's good to hear.
W: What do you want to do when you grow up?
I: I want to be a doctor.
W: That's a great goal! I'm sure you'll be a great doctor.
I: Thanks! I'm excited to start college next year.
W: I'm sure you'll do great!
I: Thanks!
W: What's it like to be a senior in high school?
I: It's busy, but it's also fun! I'm going to miss it next year.
W: I can imagine. It's a good time to be young and carefree.
I: Yeah, it is. I'm going to miss all of my friends.
W: I'm sure you'll stay in touch with them.
I: I hope so!
W: Me too! It's always good to have friends, even when you're grown up.",-1,"[5, 1, 1, 1, 1, 4, 5, 5, 1, 3, 5, 1, 4, 5, 1, 5]",-2.06070433694146,3.0,0.3130726375665155,30.171820878982544
93,"W: Hi!
I: Hi there!
W: What's your favorite color?
I: Blue!
W: Me too!
I: That's great! What do you like about blue?
W: I think it's a calming color. It reminds me of the ocean.
I: I love the ocean too! I grew up on a large farm, but I always loved visiting the beach.
W: That sounds amazing! I've never been to a farm, but I've always wanted to.
I: You should! They're really beautiful. And you can learn a lot about nature.
W: I'll have to add that to my list of places to visit.
I: You won't regret it!
W: So, what do you do for fun?
I: I love reading mysteries. I've read hundreds of them.
W: Me too! I love the suspense and the mystery of it all.
I: I know, right? It's so much fun to try to figure out whodunit.
W: Do you have a favorite mystery writer?
I: I love Agatha Christie. Her books are always so clever and well-written.
W: I agree! I've read a few of her books, and I loved them all.
I: I'm so glad you enjoyed them! She's a true master of the mystery genre.
W: What's your favorite mystery book?
I: I think my favorite is ""And Then There Were None"". It's such a clever and suspenseful story.
W: I've heard good things about that book. I'll have to add it to my list.
I: You won't regret it!
W: Thanks for the recommendation!
I: No problem! I'm always happy to talk about mysteries.",-1,"[5, 1, 1, 1, 1, 5, 5, 5, 1, 3, 5, 1, 5, 5, 1, 4]",-1.2148365186159396,3.0625,0.5914170687440521,30.400543928146362
54,"W: Hi there!
I: Hi there!
W: What do you like to do for fun?
I: I love animals, and I have two dogs.
W: That's great! I love animals too. I have a cat.
I: Oh, nice! What's your cat's name?
W: Her name is Mittens.
I: That's a cute name.
W: Thanks! What do you like to do with your dogs?
I: I like to take them for walks, play fetch with them, and cuddle with them.
W: That sounds like a lot of fun.
I: It is! I love spending time with my dogs.
W: What else do you like to do?
I: I like to watch movies and TV shows. I also like to read books.
W: That's cool! I like to do those things too.
I: What are some of your favorite movies and TV shows?
W: I like to watch a lot of different kinds of movies and TV shows. Some of my favorites are ""The Office"", ""The Simpsons"", ""Game of Thrones"", and ""The Lord of the Rings"".
I: Those are all great shows! I've seen most of them.
W: Have you seen any good movies lately?
I: I just saw ""The Batman"". It was really good.
W: I've heard good things about it. I'll have to check it out.
I: You should! It's a really good movie.
W: Thanks for the recommendation!
I: No problem!",-1,"[5, 1, 1, 1, 1, 5, 5, 5, 1, 2, 5, 1, 1, 5, 1, 4]",-2.7082021291513416,2.75,0.8240359521670289,31.384288549423218
86,"W: Hi! I'm (user 1's name). What's your name?
I: Hi, I'm (user 2's name). It's nice to meet you.
W: Nice to meet you too. So, what do you do for fun?
I: I like to dance at the club. I'm also a big fan of selkies.
W: Selkies?
I: Yeah, they're seals that can transform into human form. They're really cool.
W: I've never heard of them before.
I: You should look them up! They're fascinating creatures.
W: I will. Thanks for the recommendation. What else do you like to do for fun?
I: I also like to run my own dog obedience school. I have a lot of fun training dogs.
W: That's really cool! I love dogs. I have two large dogs of my own.
I: Oh, that's great! What kind of dogs do you have?
W: I have a Golden Retriever and a German Shepherd.
I: Oh, those are both great breeds! I love German Shepherds.
W: Me too! They're such smart and loyal dogs.
I: Yeah, they're great. So, what's your favorite thing to do with your dogs?
W: I love to go for walks with them in the park. They love to run around and play.
I: That sounds like a lot of fun. I love playing with dogs too.
W: Me too! They're so much fun to be around.
I: Yeah, they're the best.",-1,"[5, 1, 1, 1, 1, 5, 5, 5, 1, 4, 5, 1, 3, 5, 1, 5]",-1.9694566996161709,3.0625,0.4898979485566356,31.437509775161743
77,"W: Hi, I'm (User 1's name).

I: Hi, I'm (User 2's name).

W: What do you do for a living?

I: I'm a carpenter.

W: Oh, that's cool. I've always been interested in woodworking.

I: It's a lot of fun. I like the challenge of making something from scratch.

W: Me too. Do you ever build anything for yourself?

I: I used to, but not so much anymore. I'm too busy with work.

W: What's your favorite thing about your job?

I: I like the feeling of accomplishment when I finish a project.

W: I can understand that. Do you have any hobbies?

I: I used to play a lot of poker, but I don't have many friends anymore.

W: I'm sorry to hear that. I'm sure you'll make new friends.

I: Thanks. I hope so.

W: So, what do you like to do for fun?

I: I like to go to the beach.

W: Me too! I love the sand and the waves.

I: Me too. I also like to go horseback riding.

W: That's cool! I've never been horseback riding before.

I: You should try it! It's a lot of fun.

W: I think I will. Thanks for the recommendation.

I: No problem. It was nice talking to you.",-1,"[5, 1, 1, 1, 1, 5, 4, 5, 1, 2, 5, 1, 1, 5, 1, 2]",-1.6006201205674309,2.5625,0.1879731280591947,31.831928730010986
84,"W: Hi, I'm (user 1).
I: Hi, I'm (user 2).
W: What do you do for a living?
I: I work in labor and delivery.
W: Oh, that's interesting. I've always been fascinated by birth and childbirth.
I: It's a really rewarding job. I love being able to help bring new life into the world.
W: That's great. I'm sure it's an amazing feeling.
I: It is. It's one of the best parts of my job.
W: What's the most challenging part of your job?
I: The most challenging part is probably dealing with the pain and fear that some women experience during childbirth.
W: I can imagine that would be tough. But I'm sure you're very good at what you do.
I: Thank you. I try my best.
W: Do you want to have children of your own someday?
I: No, I don't think so. I'm happy being single and alone.
W: That's cool. I know some people feel that way.
I: Yeah, I just don't think I'd be a good mom.
W: Well, I'm sure you'd be a great mom if you wanted to be.
I: Thank you. I appreciate that.
W: So, what do you do for fun?
I: I like to go to the gym, read, and garden.
W: Oh, that sounds nice. I like to go for walks, travel, and read.
I: We should go for a walk sometime.
W: That would be fun.
I: Great. I'll text you my number.
W: Okay, great.",-1,"[5, 1, 1, 1, 1, 5, 5, 5, 1, 2, 5, 1, 2, 5, 1, 4]",-2.3652891718199958,2.8125,0.47985224533872806,31.795889377593994
66,"W: Hi!
I: Hello!
W: What do you like to do for fun?
I: I like to ride horses.
W: That's cool! I've always wanted to learn how to ride a horse.
I: It's a lot of fun, but it can be dangerous.
W: What do you like about it?
I: I like the feeling of freedom and the challenge of it.
W: I can imagine. It must be really exhilarating.
I: It is. I love being on horseback.
W: So, what's your favorite part about riding a horse?
I: I like the feeling of being in control of a powerful animal. It's a really amazing experience.
W: I can imagine. It must be really empowering.
I: It is. It's a great feeling.
W: So, what are your plans for the future?
I: I'm hoping to retire someday soon.
W: That's great! I'm sure you'll enjoy it.
I: I think I will. I'm looking forward to spending more time with my family and friends.
W: That sounds like a great plan.
I: It is. I'm excited for the future.
W: I'm glad to hear it.",-1,"[5, 1, 1, 1, 1, 5, 5, 5, 1, 1, 5, 1, 1, 5, 1, 2]",-2.448899815266247,2.5625,0.38598048343966596,32.03397011756897
69,"W: Hi! What do you like to do for fun?
I: I like to walk, read, and quilt. I also have a Siamese cat.
W: That's cool! I like to walk too, and I love reading. I don't know anything about quilting, though.
I: Quilting is a lot of fun! It's a great way to relax and be creative.
W: I'm sure it is. I might have to try it sometime.
I: You should! It's not as hard as it looks.
W: I'll keep that in mind. What's your favorite thing about quilting?
I: I love the feeling of creating something beautiful with my own hands. And I love the way it makes my home feel cozy and warm.
W: That sounds really nice. I'm glad you enjoy it.
I: Thanks! What's your favorite thing to do for fun?
W: I like to go to concerts and listen to music. I also like to play video games.
I: That's cool! I used to play video games all the time when I was younger.
W: I still do! I love playing video games.
I: What are some of your favorite video games?
W: I like to play open-world games, like Skyrim and The Witcher 3. I also like to play action games, like Doom and Battlefield.
I: Those sound like fun games. I've never played them before, but I might have to try them out.
W: You should! They're really great games.
I: Thanks for the recommendation! I'm always looking for new games to play.
W: No problem! I'm happy to help.",-1,"[5, 1, 2, 1, 1, 5, 5, 5, 1, 3, 5, 1, 1, 5, 1, 5]",-3.277585550649184,2.9375,0.48072423471599196,32.05351400375366
79,"W: Hello!
I: Hi there!
W: What do you do for fun?
I: I enjoy cooking and listening to country music.
W: That's great! I love to cook too. What's your favorite thing to cook?
I: I love to make chicken fried steak.
W: Oh, that's one of my favorites too! Do you have a favorite recipe?
I: Yes, I do. It's a family recipe that's been passed down for generations.
W: That's awesome! I'd love to try it sometime.
I: Sure, I'd be happy to share it with you.
W: Thank you! I'm really excited to try it.
I: You're welcome. I hope you like it.
W: What do you do for work?
I: I'm unable to work at a job because of a disability.
W: I'm sorry to hear that. What do you do for fun to keep yourself busy?
I: I like to knit hats for babies in the hospital.
W: That's a great way to give back to the community. I'm sure the babies appreciate it.
I: They do. It's always fun to see their little faces light up when they get a new hat.
W: I can imagine. It sounds like you're a very kind person.
I: Thank you. I try to be.
W: Well, it was nice talking to you.
I: You too. Have a nice day.
W: You too.",-1,"[5, 1, 1, 1, 1, 5, 5, 5, 1, 2, 5, 1, 2, 5, 2, 2]",-1.727944598155974,2.75,0.5479086512307781,32.3687219619751
64,"W: Hello, my name is [user 1 name].
I: Hello, my name is [user 2 name].
W: It's nice to meet you. Where do you live?
I: I live under the sea.
W: Under the sea? That sounds amazing! What's it like there?
I: It's beautiful and peaceful. There are so many different kinds of sea creatures to meet and learn about.
W: That sounds like a lot of fun. I've always wanted to see the sea creatures up close.
I: Maybe one day you can come and visit me. I'd be happy to show you around.
W: I would love that. Thank you for the invitation.
I: You're welcome. So, what do you do for a living?
W: I'm a carpenter. I build houses and other structures.
I: That sounds like a challenging job.
W: It can be, but it's also very rewarding.
I: I'm sure it is. I'm impressed that you're able to build things with your hands. I can barely even hammer a nail.
W: It takes a lot of practice, but it's not too difficult once you get the hang of it.
I: Maybe you could teach me how to hammer a nail sometime.
W: Sure, I'd be happy to.
I: Thanks, I would appreciate it.
W: No problem. So, what do you do for fun?
I: I like to explore the sea and learn about all the different sea creatures. I also like to play with my friends.
W: That sounds like a lot of fun. I wish I could explore the sea. I've never been diving.
I: You should try it sometime. It's amazing.
W: I will. Thanks for the suggestion.
I: You're welcome. It was nice talking to you.
W: You too. Have a nice day.
I: You too.",-1,"[3, 1, 1, 1, 1, 5, 5, 5, 1, 1, 5, 1, 1, 5, 1, 4]",-5.577192808339961,2.5625,0.4537866715735353,32.96851992607117
92,"W: Hi, I'm [user 1].
I: Hi, I'm [user 2].
W: I'm a biology teacher at a college.
I: That's cool! I'm going to hairdresser school.
W: Oh, that's interesting! Do you like it?
I: I do! I love making people feel beautiful.
W: That's great! I'm glad you're doing something you love.
I: Thanks! I'm also a big fan of vintage 50s decor.
W: Oh, I love that stuff too! I have a large garden and I like to collect vintage 50s decorations.
I: That's so cool! I'm sure your garden is beautiful.
W: Thanks! I love it. It's a great place to relax and unwind after a long day.
I: I bet it is! I love to relax in my garden too.
W: That's great! So, what are some of your hobbies?
I: I love to read, cook, and watch movies.
W: Oh, those are all great hobbies! I love to read and watch movies too.
I: Me too! I'm a big fan of science fiction and fantasy novels.
W: Me too! I love reading about different worlds and cultures.
I: Me too! I think it's so interesting to learn about different ways of life.
W: I agree! It's always fascinating to see how other people live.
I: It is! I think it's important to be open-minded and learn about different cultures.
W: I agree! I think it's important to understand the world around us.
I: Me too! I think it's the best way to make the world a better place.
W: I agree! I think we should all try to be more understanding and open-minded.
I: I agree! I think it's the best way to build a more peaceful and prosperous world.
W: I agree! I think it's important to work together to make the world a better place.",-1,"[5, 1, 1, 1, 1, 5, 4, 5, 1, 3, 5, 1, 3, 4, 1, 5]",-1.1827157362909184,2.875,0.3770185507135912,33.12780690193176
67,"W: What did you do for work in high school?
I: I worked at Hollister.
W: Oh, how was that?
I: It was pretty fun. I got to hang out with all my friends and we made a lot of money.
W: Cool! I've never worked there before.
I: You should! It's a great place to work.
W: I might have to look into it.
I: You should!
W: What do you want to do for a career?
I: I want to be a fashion designer.
W: That's awesome! I love fashion.
I: Me too! I've always loved clothes and design.
W: What kind of fashion do you like?
I: I like all kinds of fashion, but I'm really into street style.
W: I love street style too! It's so creative and expressive.
I: Me too! I love how it can be so different and unique.
W: So, how do you plan on becoming a fashion designer?
I: I'm going to go to college for fashion design and then I'm going to intern at a fashion house.
W: That sounds like a great plan.
I: I think so too! I'm really excited about my future.
W: I'm sure you'll be great!
I: Thanks!
W: So, what do you think about having children?
I: I want children badly but not right now.
W: I understand. It's a big decision.
I: It is. I want to be sure that I'm ready for them before I have them.
W: That's a good idea.
I: Thanks.
W: So, what are your parents like?
I: My parents were always gone when I was growing up.
W: Oh, that must have been tough.
I: It was. I missed them a lot.
W: I'm sorry to hear that.
I: It's okay. I'm used to it now.",-1,"[5, 1, 1, 1, 1, 5, 5, 5, 1, 1, 5, 1, 1, 5, 1, 2]",-2.448899815266247,2.5625,0.29104484730092406,35.40357446670532
61,"W: Hey, what's up?
I: Not much, just working on some crafts.
W: Cool, what kind of crafts do you like to do?
I: I like to make jewelry, soaps, and candles.
W: Oh, that's cool. I've always wanted to try making jewelry.
I: It's really easy! There are a lot of tutorials online.
W: Maybe I'll give it a try sometime.
I: You should! It's a lot of fun.
W: So, what do you do for a living?
I: I'm a stay-at-home mom.
W: Oh, that must be fun.
I: It is, but it can also be challenging.
W: I can imagine. Do you have any kids?
I: I have one son.
W: Oh, how old is he?
I: He's four years old.
W: Aw, that's adorable.
I: He's a handful, but I love him.
W: It sounds like you have a great life.
I: I do, thanks.
W: So, what are your hobbies?
I: I like to read, garden, and watch football.
W: Oh, that's cool. I like to read too. What kind of books do you like to read?
I: I like to read historical fiction and mysteries.
W: Oh, that's cool. I like to read historical fiction too.
I: What's your favorite historical fiction book?
W: I don't know if I have a favorite, but I really liked ""The Scarlet Pimpernel"" by Baroness Orczy.
I: Oh, I love that book! I've read it a few times.
W: It's a great book.
I: So, what do you do for a living?
W: I work in a factory.
I: Oh, that must be interesting.
W: It is, but it can also be challenging.
I: I can imagine. What's your favorite part of your job?
W: I like the people I work with.
I: That's great.
W: Yeah, it is.
I: So, what do you like to do for fun?
W: I like to watch football, play video games, and hang out with my friends.
I: Oh, that's cool. I like to watch football too.
W: What's your favorite team?
I: I'm a big fan of the Ohio State Buckeyes.
W: Oh, nice! I'm a fan of the Washington Redskins.
I: Oh, that's cool. I've always liked the Redskins.
W: Yeah, they're a good team.
I: Yeah, they are.",-1,"[5, 1, 3, 1, 1, 5, 5, 5, 1, 2, 5, 2, 3, 5, 1, 3]",-3.0519338212804894,3.0,0.5439890782038816,36.41046905517578
87,"W: Hi Jordan, what do you like to do for fun?
I: I love playing video games and reading drama books.
W: That's cool. I love working out and listening to rap music.
I: I'm not really into rap music, but I do like working out.
W: What kind of music do you like?
I: I like a lot of different kinds of music, but I'm mostly into rock and pop.
W: I like some rock music, but I'm not really into pop music.
I: That's cool. I'm glad we can both enjoy working out.
W: Yeah, it's a great way to stay in shape.
I: I agree. It's also a great way to relieve stress.
W: That's true. I always feel better after a good workout.
I: Me too. I'm glad we have something in common.
W: Me too. It's always nice to meet people who share your interests.
I: I agree. It's nice to have someone to talk to about things you're passionate about.
W: Yeah, I think we're going to get along just fine.",-1,"[5, 1, 1, 1, 1, 5, 5, 4, 1, 3, 4, 2, 3, 5, 1, 3]",-1.146253423480808,2.8125,0.1621807962267746,36.17001748085022
91,"W: Hi! I'm a teacher. What do you do for a living?
I: I'm a registered nurse at a pediatric hospital.
W: Oh, that's great! What's it like working with kids?
I: It's very rewarding, but also challenging. I love being able to help kids and make a difference in their lives.
W: I can imagine. That sounds like a great job.
I: It is. I'm really glad I chose this career path.
W: What's your favorite part of your job?
I: I love seeing the kids get better and go home. It's so rewarding to know that I've made a difference in their lives.
W: That's so great. I'm sure it's a lot of work, but it sounds like it's very fulfilling.
I: It is. I love my job.
W: What's your favorite thing to do for fun?
I: I love to read, watch movies, and spend time with my family.
W: I love to read too! What's your favorite book?
I: I have a lot of favorite books, but one of my favorites is ""The Great Gatsby"" by F. Scott Fitzgerald.
W: I've heard good things about that book. I'll have to check it out.
I: You should! It's a great book.
W: What are some of your favorite movies?
I: I love a lot of different movies, but some of my favorites include ""The Shawshank Redemption,"" ""The Godfather,"" and ""The Dark Knight.""
W: I love those movies too! The Shawshank Redemption is one of my favorites.
I: It's a great movie. I love the story and the characters.
W: I agree. It's a classic.
I: So, what do you like to do for fun?
W: I love to cook. I'm always trying new recipes and experimenting with different flavors.
I: I love to cook too! I'm not very good at it, but I enjoy it.
W: You should try some of my recipes! I'm sure you'd like them.
I: I'd love to try them!
W: Great! I'll send you some over the weekend.
I: Thanks! I can't wait to try them.
W: No problem! I'm glad I could meet you.
I: Me too! It was nice talking to you.
W: You too!",-1,"[5, 1, 1, 1, 1, 5, 5, 5, 1, 2, 5, 1, 1, 5, 2, 3]",-2.2613656030348763,2.75,0.39008960307894164,37.195841550827026
70,"W: Hi, I'm [user 1's name].
I: Hi, I'm [user 2's name].
W: Nice to meet you. What do you do for fun?
I: I like to run, play music, and read.
W: That's cool. I like to run too. What kind of music do you play?
I: I play guitar and sing. I'm in a band.
W: That's awesome! What kind of music do you play?
I: We play a mix of rock and blues.
W: That sounds cool. I'd love to hear you play sometime.
I: We're playing at a local bar next week. You should come check us out.
W: I'll try to make it.
I: Cool.
W: What do you like about living in [user 1's city]?
I: I like the people. They're friendly and down-to-earth.
W: I agree. I like the people here too.
I: What do you do for work?
W: I'm a software engineer.
I: That's cool. I've always been interested in software engineering.
W: It's a great field. I enjoy it a lot.
I: So, what do you like to do in your free time?
W: I like to read, go for walks, and spend time with my family.
I: That sounds like a nice life.
W: It is. I'm happy with it.
I: I'm glad to hear that.",-1,"[5, 1, 1, 1, 1, 5, 5, 5, 1, 3, 5, 2, 3, 5, 1, 4]",-2.11954977729742,3.0,0.3666020165452375,38.74166250228882
71,"W: Hi, my name is [user 1].
I: Hi, I'm [user 2].
W: What are you doing today?
I: I'm just working.
W: Oh, what do you do for work?
I: I'm a nurse.
W: That's interesting. I've always wanted to be a nurse.
I: It's a great job.
W: I bet it is. I love helping people.
I: That's why I'm a nurse.
W: I'm a student myself. I'm studying to be a lawyer.
I: That's a great job too.
W: Thanks. I'm really excited about it.
I: I'm sure you'll do great.
W: Thanks. I hope so.
I: So, what do you like to do for fun?
W: I love traveling and going on adventures.
I: That sounds fun. I've never been on an adventure.
W: You should! It's a great way to see the world.
I: Maybe I will.
W: I have a dog named Max. He's a great dog.
I: I hate cats.
W: Really? Why?
I: I just don't like them.
W: That's too bad. I love cats.
I: I know a lot of people who love cats.
W: I guess they're just not for me.
I: That's fine. I'm just glad you're not a cat person.
W: Me too. I'm not very good with cats.
I: That's okay. I'm sure you're a great person.
W: Thanks. I try to be.
I: I can tell.",-1,"[4, 1, 1, 1, 1, 5, 5, 5, 1, 3, 4, 1, 3, 4, 1, 5]",-2.9267434599904685,2.8125,0.33115541947208116,41.75551080703735
55,"W: Hi, I'm [user 1's name].
I: Hi, I'm [user 2's name].
W: Nice to meet you! What do you do for a living?
I: I'm a pediatrician.
W: Oh, that's great! I'm an attorney.
I: Really? That's cool. What kind of law do you practice?
W: I do family law.
I: Oh, interesting. I don't know much about family law.
W: It's a lot of work, but it's also very rewarding.
I: I can imagine. What do you like about it the most?
W: I like helping people and making a difference in their lives.
I: That's a great goal.
W: Thanks. What do you like about being a pediatrician?
I: I love working with kids. They're always so funny and honest.
W: I can imagine. I'm sure it's a lot of fun.
I: It is. I also like being able to help families with their children.
W: That's great. It sounds like you have a really rewarding job.
I: I do. I'm lucky to be a pediatrician.
W: Me too. What's your favorite music?
I: I love jazz.
W: Me too! I love the improvisation and the creativity.
I: I agree. It's so much fun to listen to.
W: What's your favorite band?
I: I love Miles Davis.
W: Me too! He's one of the greatest musicians of all time.
I: I agree. He's so talented.
W: What do you like to do for fun?
I: I love running, reading, and spending time with my family.
W: I love running too! It's so relaxing.
I: I agree. It's a great way to clear your head.
W: What kind of books do you like to read?
I: I like to read all kinds of books, but I especially like historical fiction and mystery novels.
W: Me too! I love historical fiction. I'm currently reading a book about the American Revolution.
I: That sounds really good! I've never read a book about the American Revolution.
W: You should! It's a really interesting time period.
I: I might have to check it out.
W: You should! It's a great read.",-1,"[5, 1, 1, 1, 1, 5, 5, 5, 1, 1, 5, 1, 5, 5, 1, 5]",-1.6487721285835302,3.0,0.33893086602498224,49.96709203720093
